row_num,record_id,visit_location,auditor_score,surveyor_score
1,34,AkRu05973,3,3
2,38,KiRu30598,5,5
3,58,KiRu30598,5,5
4,66,KiRu30598,5,5
5,68,KiRu30598,5,5
6,94,SoRu39347,2,2
7,125,KiRu26713,3,3
8,127,KiRu30598,5,5
9,132,AkRu08936,3,3
10,148,SoRu35195,0,0
11,183,SoRu36745,0,0
12,191,AmAm09813,4,4
13,196,KiRu30598,5,5
14,198,AkRu04611,3,3
15,211,HaRu17749,2,2
16,251,KiRu29696,2,10
17,293,AmAs10336,3,10
18,298,AmAm09372,9,9
19,314,HaRu19054,2,2
20,336,AkRu04611,3,3
21,351,KiRu30598,5,5
22,361,AkRu04611,3,3
23,363,AmAs10336,3,10
24,386,KiRu30598,5,5
25,403,KiMr25237,1,1
26,441,AmAs10336,3,10
27,444,AkRu04611,3,3
28,457,AkRu04611,3,3
29,470,AmAs10336,3,10
30,493,KiRu28090,6,6
31,498,AmAs10336,3,10
32,506,AkRu07205,3,3
33,518,AkRu04611,3,3
34,548,SoKo33490,3,3
35,566,AmAs10336,3,10
36,571,HaRu18624,2,2
37,586,KiRu27273,3,3
38,612,AkRu04611,3,3
39,633,SoRu37335,2,2
40,672,KiAm22458,2,2
41,686,KiRu30503,2,2
42,694,KiRu27220,3,3
43,728,KiRu27273,3,3
44,730,AmAs10336,3,10
45,732,AkRu04611,3,3
46,741,AmAs10336,3,10
47,765,AkRu05433,2,2
48,766,KiRu27273,3,3
49,778,SoRu39488,3,3
50,832,KiHa23204,9,9
51,838,HaRu19943,1,1
52,842,SoBa31775,0,0
53,851,AmRu14915,0,0
54,855,KiAm22564,0,0
55,873,KiRu27273,3,3
56,878,KiZu31183,9,9
57,889,SoRu39488,3,3
58,902,SoRu39488,3,3
59,913,KiRu27273,3,3
60,923,KiRu27273,3,3
61,927,SoRu39488,3,3
62,956,KiRu27273,3,3
63,984,SoRu39488,3,3
64,1023,KiRu27273,3,3
65,1043,SoRu39488,3,3
66,1064,KiRu28787,0,0
67,1178,SoRu39488,3,3
68,1188,AkRu04522,5,5
69,1195,KiRu28019,2,2
70,1199,SoRu39488,3,3
71,1218,AkRu08304,3,3
72,1284,AkRu06849,2,2
73,1287,AkRu04522,5,5
74,1370,AkRu04522,5,5
75,1398,AkRu04522,5,5
76,1471,AkRu04522,5,5
77,1513,AkRu04812,3,3
78,1520,AmRu15740,9,9
79,1527,KiMr24894,9,9
80,1535,AkRu03218,3,3
81,1552,AkRu04522,5,5
82,1556,AmRu14959,9,10
83,1559,AkRu07633,2,2
84,1587,AkRu03218,3,3
85,1651,SoMa33703,3,3
86,1661,AkRu04522,5,5
87,1677,SoRu38244,0,0
88,1692,AkRu03218,3,3
89,1694,AkRu04522,5,5
90,1759,AkRu03218,3,3
91,1780,HaRu18859,7,7
92,1795,AkRu07740,2,2
93,1846,AkRu03218,3,3
94,1872,AkRu03218,3,3
95,1964,KiRu25876,1,1
96,1966,AkRu03218,3,3
97,2006,SoKo33124,3,3
98,2023,AkRu04790,9,9
99,2055,AkRu03218,3,3
100,2096,KiRu27731,3,3
101,2107,SoKo33124,3,3
102,2112,KiRu30289,1,1
103,2159,HaYa21508,2,2
104,2193,KiRu27585,3,3
105,2220,SoKo33124,3,3
106,2278,SoKo33124,3,3
107,2288,KiRu29642,2,2
108,2295,AmRu13370,9,9
109,2304,SoKo33124,3,3
110,2330,SoKo33124,3,3
111,2355,AkRu02702,4,4
112,2373,SoKo33124,3,3
113,2416,AmRu15786,2,2
114,2458,SoKo33124,3,3
115,2513,SoRu36882,1,1
116,2528,AmAb09209,0,0
117,2632,HaRu17490,6,6
118,2716,HaRu16981,9,9
119,2721,KiRu28292,2,2
120,2734,AkRu05257,3,3
121,2824,AmDa11755,7,7
122,2825,SoIl32392,3,3
123,2867,KiRu29612,2,2
124,2902,SoIl32392,3,3
125,2942,KiIs24026,2,2
126,2973,SoIl32392,3,3
127,3070,HaRu18296,2,2
128,3093,KiIs23613,6,6
129,3105,HaRu17417,2,2
130,3116,SoIl32575,1,10
131,3118,SoIl32392,3,3
132,3138,AmRu14452,3,3
133,3154,AmAs10124,6,10
134,3179,KiRu29147,0,10
135,3181,SoIl32392,3,3
136,3201,SoIl32392,3,3
137,3216,SoIl32392,3,3
138,3232,SoIl32392,3,3
139,3233,AkRu03245,2,10
140,3238,AmRu15159,9,9
141,3240,SoRu38966,5,5
142,3267,SoBa31691,0,10
143,3281,HaRu17866,1,1
144,3296,SoBa31761,2,10
145,3315,KiRu29454,3,3
146,3351,SoRu36101,3,10
147,3368,SoRu35606,3,3
148,3374,KiRu29454,3,3
149,3400,KiRu29712,1,1
150,3412,SoRu35606,3,3
151,3415,KiRu29454,3,3
152,3430,HaRu18377,4,4
153,3454,SoRu34678,2,2
154,3463,KiZu30714,3,3
155,3469,AkRu07742,2,2
156,3489,SoRu36101,3,10
157,3502,KiRu29454,3,3
158,3504,HaRu18377,4,4
159,3519,HaRu18060,1,1
160,3535,KiRu29693,2,2
161,3538,KiRu26247,3,3
162,3562,SoRu36101,3,10
163,3584,SoRu35606,3,3
164,3590,SoRu36101,3,10
165,3623,HaRu18377,4,4
166,3628,KiRu26046,2,2
167,3643,KiHa23376,3,3
168,3652,KiMr25042,4,4
169,3667,SoRu35606,3,3
170,3681,AkRu04599,9,9
171,3686,KiRu29454,3,3
172,3689,SoRu35606,3,3
173,3696,HaRu18377,4,4
174,3702,SoRu36101,3,10
175,3709,KiRu29454,3,3
176,3718,SoRu36101,3,10
177,3722,SoRu35606,3,3
178,3727,HaRu18377,4,4
179,3732,KiRu29454,3,3
180,3750,SoRu35606,3,3
181,3755,KiRu29454,3,3
182,3780,KiMr25223,1,1
183,3793,SoRu36101,3,10
184,3820,AmAm09990,5,5
185,3823,HaRu18377,4,4
186,3830,AmAm09990,5,5
187,3835,SoRu36101,3,10
188,3841,AmRu14113,2,10
189,3847,HaAm15939,2,2
190,3862,KiRu29197,2,2
191,3881,SoRu35606,3,3
192,3886,HaRu18377,4,4
193,3923,AmAm09990,5,5
194,4001,HaRu18377,4,4
195,4007,AkRu07932,2,2
196,4013,HaRu17406,1,1
197,4034,AmAm09990,5,5
198,4059,SoRu35596,9,9
199,4072,AmAm09990,5,5
200,4090,SoRu38869,3,3
201,4100,SoRu37533,2,2
202,4101,AkRu03649,2,2
203,4106,SoRu36270,0,0
204,4139,SoRu38172,0,0
205,4150,AmAm09990,5,5
206,4154,SoRu38869,3,3
207,4176,AmAm09990,5,5
208,4183,SoRu38869,3,3
209,4205,SoRu38869,3,3
210,4217,SoRu34838,3,3
211,4250,HaAm16199,1,1
212,4263,AmAm09990,5,5
213,4291,AkRu05020,3,3
214,4295,SoRu38869,3,3
215,4420,SoRu38869,3,3
216,4458,SoRu38869,3,3
217,4525,SoRu38869,3,3
218,4530,AkRu04720,2,2
219,4533,AkLu02206,3,3
220,4657,SoMa34137,3,3
221,4715,KiRu26049,2,2
222,4774,SoRu36983,0,0
223,4779,HaRu18608,1,1
224,4867,AkHa00113,3,3
225,4883,AkRu04565,2,2
226,4904,HaYa21537,9,9
227,4912,KiRu28816,9,9
228,4942,AkRu03100,2,2
229,4944,HaRu19574,3,3
230,4992,HaRu19574,3,3
231,4995,SoIl32791,0,0
232,5022,AkKi01512,3,3
233,5042,AkKi00885,3,3
234,5070,HaRu19574,3,3
235,5079,HaRu19574,3,3
236,5119,HaRu19574,3,3
237,5159,KiRu30412,9,9
238,5185,SoRu34980,1,1
239,5217,HaRu19574,3,3
240,5273,HaRu19574,3,3
241,5276,AkLu02515,3,3
242,5321,KiRu29980,1,1
243,5323,HaDe16498,1,1
244,5339,SoRu37970,2,2
245,5387,HaRu19574,3,3
246,5399,AmDa11554,5,5
247,5406,HaRu17764,0,0
248,5412,AkRu07264,2,2
249,5484,AmDa11554,5,5
250,5496,AmDa11554,5,5
251,5509,AmDa11554,5,5
252,5517,SoRu36686,9,9
253,5579,AmDa11554,5,5
254,5622,KiHa22801,1,1
255,5645,KiRu29556,2,10
256,5660,AmDa11554,5,5
257,5668,SoRu36828,2,2
258,5702,KiZu30983,3,3
259,5710,SoBa31655,9,9
260,5732,HaRu19467,1,1
261,5764,AmDa11554,5,5
262,5769,KiRu30508,1,1
263,5770,AkRu04237,3,3
264,5784,HaRu19312,2,2
265,5817,KiAm22034,9,9
266,5819,AmDa11554,5,5
267,5889,AkKi00847,3,10
268,5954,HaZa21811,1,1
269,5976,AkHa00671,3,3
270,6004,HaRu20853,3,3
271,6007,AkRu06402,0,0
272,6020,AkRu05593,3,3
273,6032,AmBe11266,9,9
274,6101,AmRu15471,9,9
275,6130,SoRu35734,2,2
276,6234,AkRu07225,5,5
277,6250,HaYa21450,2,2
278,6317,AkRu04196,1,1
279,6322,SoBa31449,3,3
280,6333,AkRu03153,3,3
281,6371,AkRu07225,5,5
282,6400,AkRu07225,5,5
283,6413,AkRu07225,5,5
284,6459,HaRu17463,1,1
285,6479,KiRu25386,2,2
286,6491,KiMr25227,3,3
287,6493,AkRu03754,3,3
288,6494,AkRu07225,5,5
289,6503,KiMr25227,3,3
290,6508,SoCh32004,1,1
291,6513,AmRu13599,9,9
292,6528,AkRu07225,5,5
293,6590,AkRu07225,5,5
294,6624,KiRu30394,4,4
295,6647,KiMr25227,3,3
296,6669,SoIl32679,3,3
297,6670,AkRu07225,5,5
298,6674,AmAm09540,0,0
299,6703,KiMr25227,3,3
300,6761,AkRu05280,3,3
301,6775,KiAm22330,1,1
302,6783,SoRu35147,2,2
303,6784,AkRu02959,3,3
304,6792,KiMr25227,3,3
305,6844,KiMr25227,3,3
306,6859,KiMr25227,3,3
307,6868,KiMr25227,3,3
308,6875,AkRu07669,2,2
309,6892,HaYa21358,2,2
310,6901,AmRu13398,2,2
311,6924,KiHa22803,3,3
312,6947,AmAm09946,9,9
313,6985,HaRu20508,5,5
314,7009,AkRu02917,7,7
315,7021,HaRu20508,5,5
316,7108,KiIs23562,1,1
317,7112,AmRu14988,2,2
318,7115,KiHa23078,1,1
319,7164,AkRu03630,7,7
320,7180,HaRu20508,5,5
321,7236,SoKo33065,9,9
322,7252,SoRu36708,3,10
323,7253,HaRu20508,5,5
324,7260,SoRu35041,1,1
325,7271,SoRu36708,3,10
326,7279,HaRu20508,5,5
327,7298,HaRu20508,5,5
328,7303,SoRu36708,3,10
329,7331,AkKi01541,3,3
330,7368,HaRu20508,5,5
331,7373,SoRu36708,3,10
332,7392,SoIl32384,2,2
333,7424,SoRu36708,3,10
334,7489,HaRu20508,5,5
335,7495,SoRu36708,3,10
336,7539,KiRu29084,1,1
337,7542,SoRu36142,1,1
338,7548,SoIl32770,0,10
339,7594,SoRu36708,3,10
340,7637,AmPw12766,3,3
341,7643,AmPw12299,9,9
342,7679,SoRu36708,3,10
343,7867,HaRu17038,2,10
344,7912,KiMr24590,2,2
345,7938,KiRu29290,3,10
346,7939,SoRu37208,1,1
347,7962,KiRu26522,3,3
348,8004,AkRu05809,2,2
349,8013,AkRu07991,2,2
350,8076,KiRu29290,3,10
351,8108,KiRu29290,3,10
352,8115,SoRu36289,1,1
353,8156,AkRu05797,2,2
354,8168,KiRu29290,3,10
355,8186,KiAm22092,9,10
356,8225,AmBe11054,9,9
357,8253,AkRu07970,2,2
358,8261,KiRu29290,3,10
359,8277,KiRu29290,3,10
360,8299,HaDe16554,9,9
361,8322,AkRu05107,2,2
362,8329,SoRu38764,0,0
363,8334,HaRu19332,1,1
364,8346,AkRu02670,2,2
365,8360,KiRu29290,3,10
366,8377,AkRu03515,9,9
367,8382,HaRu17515,6,6
368,8386,KiRu29290,3,10
369,8430,AmRu15462,3,3
370,8440,SoIl32874,3,3
371,8454,SoKo33116,0,0
372,8566,AmRu13413,3,3
373,8587,AkRu05567,2,2
374,8649,KiRu28704,1,1
375,8670,SoKo33205,2,2
376,8746,HaDj16928,2,2
377,8754,AmAm09716,3,3
378,8756,AmRu14430,9,9
379,8775,AkRu04588,6,6
380,8788,AmRu13124,9,9
381,8803,AkRu04981,3,3
382,9001,AmRu13774,9,9
383,9017,HaDj16868,2,2
384,9075,KiAm22270,2,2
385,9095,HaRu18920,1,1
386,9114,AkRu04755,1,1
387,9134,KiRu28089,0,0
388,9203,AkRu04428,3,3
389,9209,AkKi01034,1,1
390,9213,KiRu28445,1,1
391,9219,KiMr24320,2,2
392,9330,AmPw12576,7,7
393,9396,KiRu26502,3,3
394,9420,SoRu39495,1,1
395,9625,KiRu30563,3,3
396,9645,KiRu30563,3,3
397,9676,KiRu30563,3,3
398,9710,KiRu30563,3,3
399,9717,HaAm16025,3,3
400,9734,AmRu15704,2,2
401,9767,SoMa33775,0,0
402,9824,AmRu15057,2,2
403,9828,HaAm16025,3,3
404,9829,AmAs10708,9,9
405,9848,KiRu30563,3,3
406,9866,KiRu30563,3,3
407,9898,AkRu08635,1,1
408,9903,HaAm16025,3,3
409,9908,AmAs10840,9,9
410,9967,HaRu18734,2,2
411,9990,HaAm16025,3,3
412,9997,SoRu39408,5,5
413,10010,KiRu30563,3,3
414,10051,SoRu34768,0,0
415,10054,SoRu35899,9,9
416,10065,AkRu08361,3,3
417,10079,KiRu30563,3,3
418,10080,SoRu39408,5,5
419,10093,HaAm16025,3,3
420,10094,AmRu13360,9,9
421,10156,SoRu39408,5,5
422,10157,HaAm16025,3,3
423,10173,HaAm16025,3,3
424,10194,SoRu39408,5,5
425,10197,SoRu39408,5,5
426,10207,HaRu20826,2,2
427,10240,HaAm16025,3,3
428,10298,SoRu39408,5,5
429,10304,KiRu25851,3,3
430,10434,AkRu03366,3,3
431,10437,KiRu25851,3,3
432,10444,SoRu39408,5,5
433,10488,AkRu03366,3,3
434,10496,SoRu39408,5,5
435,10502,KiRu29836,7,7
436,10514,AkRu04153,2,2
437,10527,SoIl32854,2,2
438,10555,AmPw12323,0,0
439,10566,KiRu25851,3,3
440,10568,AkRu03366,3,3
441,10586,AmRu13668,9,10
442,10635,AmAb09101,6,6
443,10661,AmPw12297,9,9
444,10663,KiRu25851,3,3
445,10674,AkRu03366,3,3
446,10679,KiRu25851,3,3
447,10702,AkRu03366,3,3
448,10712,KiRu25851,3,3
449,10721,AkRu03366,3,3
450,10778,KiRu25851,3,3
451,10783,AkHa00266,2,2
452,10828,KiRu25851,3,3
453,10831,SoRu36901,5,5
454,10843,AkRu03366,3,3
455,10850,KiRu25841,1,1
456,10891,AkRu03179,5,5
457,10911,AkRu03366,3,3
458,10930,KiZu30933,0,0
459,10957,AkRu03179,5,5
460,10990,SoRu36901,5,5
461,11014,KiRu27120,0,0
462,11025,HaRu19698,1,1
463,11055,SoRu36901,5,5
464,11063,AkRu03179,5,5
465,11097,SoRu36566,3,10
466,11105,AkRu03179,5,5
467,11146,SoRu36901,5,5
468,11150,SoRu36901,5,5
469,11161,SoRu36566,3,10
470,11162,AkRu03179,5,5
471,11173,SoRu36566,3,10
472,11177,AkRu03179,5,5
473,11183,SoRu36901,5,5
474,11189,SoRu36566,3,10
475,11197,AkRu03179,5,5
476,11204,SoRu36901,5,5
477,11239,AmRu13488,3,3
478,11252,AkRu08709,4,4
479,11254,HaZa21810,1,1
480,11281,SoRu36901,5,5
481,11283,AmRu13488,3,3
482,11298,KiRu27156,9,9
483,11320,KiRu30590,9,9
484,11324,SoRu36566,3,10
485,11340,KiRu26021,1,1
486,11356,SoRu39588,0,0
487,11358,AkRu03179,5,5
488,11421,SoRu36566,3,10
489,11434,AmRu13488,3,3
490,11455,AmRu13488,3,3
491,11537,SoRu36566,3,10
492,11549,AmRu13488,3,3
493,11601,AkRu02962,3,3
494,11602,SoRu35904,0,0
495,11630,SoRu36566,3,10
496,11654,AmRu13488,3,3
497,11656,AmRu13488,3,3
498,11689,SoRu39617,9,9
499,11750,AmRu13488,3,3
500,11751,HaDj16807,9,9
501,11784,AkKi01424,3,3
502,11786,HaSe20902,3,3
503,11826,AkRu08531,3,3
504,11863,KiRu25483,6,6
505,11925,HaRu17461,9,9
506,11935,AkHa00058,3,3
507,11962,KiRu29329,0,10
508,11978,KiRu29013,2,2
509,12025,AkRu06941,9,9
510,12271,AmBe11313,0,0
511,12319,SoRu35426,3,3
512,12342,KiRu26032,0,0
513,12363,AkKi01523,1,1
514,12380,SoRu38834,3,3
515,12387,SoRu38862,0,0
516,12406,AkRu03722,3,3
517,12421,AmRu13729,2,2
518,12486,SoRu38834,3,3
519,12490,AkRu02774,2,2
520,12515,AkRu02794,3,3
521,12545,SoRu38834,3,3
522,12554,AkRu02794,3,3
523,12574,AkRu02794,3,3
524,12576,SoRu38834,3,3
525,12577,AkRu02794,3,3
526,12588,HaZa21689,1,1
527,12594,SoRu38834,3,3
528,12606,HaZa21638,1,1
529,12609,HaRu20514,3,3
530,12705,AkRu05880,7,10
531,12708,AkRu02794,3,3
532,12717,KiRu25664,1,1
533,12720,AkRu08885,3,3
534,12721,HaRu18505,2,2
535,12729,SoRu38834,3,3
536,12742,HaRu20514,3,3
537,12764,HaRu17811,9,9
538,12774,AkHa00088,1,1
539,12776,HaRu20514,3,3
540,12782,SoRu38834,3,3
541,12792,HaDj16797,2,2
542,12795,AkRu06814,2,2
543,12808,AkHa00654,1,1
544,12818,AkRu02794,3,3
545,12829,AkRu02794,3,3
546,12851,SoRu38834,3,3
547,12862,KiRu29350,3,3
548,12877,SoCh32186,2,2
549,12880,SoRu35737,1,1
550,12886,AkRu03585,2,2
551,12899,HaRu20514,3,3
552,12919,SoRu39374,9,9
553,12942,AkRu05407,9,9
554,12963,AmAm09622,1,1
555,12965,AkRu02794,3,3
556,12969,HaRu20514,3,3
557,12970,SoRu36266,2,2
558,12996,HaRu20514,3,3
559,13046,HaRu20514,3,3
560,13070,HaDe16541,2,2
561,13102,SoRu38447,1,1
562,13142,HaRu20514,3,3
563,13172,AmRu14531,9,9
564,13174,KiRu30051,2,2
565,13192,SoRu38331,3,10
566,13193,AmAs10230,2,2
567,13245,KiIs24180,2,2
568,13253,KiRu26928,2,2
569,13282,SoRu38331,3,10
570,13341,SoRu35691,5,5
571,13345,AkRu06486,3,3
572,13379,SoRu38331,3,10
573,13382,SoRu38331,3,10
574,13409,SoRu39288,0,0
575,13440,SoRu35691,5,5
576,13475,SoRu38331,3,10
577,13482,SoRu35691,5,5
578,13496,SoRu38331,3,10
579,13504,SoRu35691,5,5
580,13521,SoRu38331,3,10
581,13549,SoRu35691,5,5
582,13554,AkHa00073,3,3
583,13584,KiAm22548,2,2
584,13591,SoRu35691,5,5
585,13607,SoRu38331,3,10
586,13651,AkRu03182,3,3
587,13742,SoRu35691,5,5
588,13759,AmAb09303,0,0
589,13769,HaSe20913,9,9
590,13810,SoRu35691,5,5
591,13812,AkLu02637,9,9
592,13821,SoRu38699,3,3
593,13822,KiRu29989,9,9
594,13846,KiAm22420,2,2
595,13865,AmAs10264,9,9
596,13896,AkRu04984,2,2
597,13969,AkKi00951,9,9
598,13990,SoMa34469,2,2
599,13998,AkRu04557,3,3
600,14045,AkRu04557,3,3
601,14066,AkLu02228,2,2
602,14073,KiRu26535,2,2
603,14096,AmAs10873,2,2
604,14117,AmRu15557,9,9
605,14154,KiAm22078,3,3
606,14177,KiRu28580,1,1
607,14211,AmAm09631,9,10
608,14212,AkRu04557,3,3
609,14244,AkRu04557,3,3
610,14252,SoCh32025,0,0
611,14333,AkRu04557,3,3
612,14342,AkRu04869,7,7
613,14364,AkRu04557,3,3
614,14398,AkRu04557,3,3
615,14413,SoRu37008,3,3
616,14442,AkHa00487,3,3
617,14447,AmDa11919,3,3
618,14459,SoRu36213,0,0
619,14470,AkRu04557,3,3
620,14509,KiRu29327,9,9
621,14520,AmDa11919,3,3
622,14521,SoRu36597,1,1
623,14540,KiRu28260,1,1
624,14632,KiRu26051,3,3
625,14646,AmDa11919,3,3
626,14657,KiRu25249,2,2
627,14693,AmPw12653,3,3
628,14749,KiRu26051,3,3
629,14751,AmDa11919,3,3
630,14761,KiRu26051,3,3
631,14773,HaRu17704,2,2
632,14781,HaRu18271,1,1
633,14792,SoRu38924,9,9
634,14819,AkRu06015,2,2
635,14830,SoRu36944,3,3
636,14847,AmDa11919,3,3
637,14855,KiRu26051,3,3
638,14859,SoRu36944,3,3
639,14870,AmDa11919,3,3
640,14886,SoRu36944,3,3
641,14889,KiRu26051,3,3
642,14905,AmDa11919,3,3
643,14913,AmDa11919,3,3
644,14986,KiRu26051,3,3
645,14996,SoRu36944,3,3
646,15003,KiRu26051,3,3
647,15069,SoRu36944,3,3
648,15083,SoRu36682,3,3
649,15104,KiRu26051,3,3
650,15115,SoRu36944,3,3
651,15159,HaAm16010,5,5
652,15183,SoRu37502,0,0
653,15192,AmRu15394,1,1
654,15203,HaZa21724,3,3
655,15205,SoRu36944,3,3
656,15252,SoRu37206,0,0
657,15269,KiAm22276,0,0
658,15273,SoRu36944,3,3
659,15284,SoRu36805,0,0
660,15290,HaDj16863,1,1
661,15298,SoRu38185,2,2
662,15301,SoRu39229,4,4
663,15306,HaAm16010,5,5
664,15330,HaAm16010,5,5
665,15345,HaAm16010,5,5
666,15377,AmRu14096,9,9
667,15427,HaAm16010,5,5
668,15430,HaRu17297,9,9
669,15456,AkRu05737,2,2
670,15457,AkRu05902,3,3
671,15461,AmRu15556,9,10
672,15465,SoRu36580,3,3
673,15477,KiRu26023,9,9
674,15498,HaAm16010,5,5
675,15506,HaAm16112,2,2
676,15544,HaRu17284,2,2
677,15552,AkRu02698,5,5
678,15555,HaAm16010,5,5
679,15579,AkRu06383,3,3
680,15583,AkRu05902,3,3
681,15591,SoRu36580,3,3
682,15594,SoRu36580,3,3
683,15611,AkRu06383,3,3
684,15619,KiIs23815,2,2
685,15628,SoBa31866,1,1
686,15634,HaAm16010,5,5
687,15644,AkRu02698,5,5
688,15646,AkRu05902,3,3
689,15654,AkRu05956,3,3
690,15682,SoRu36580,3,3
691,15719,AkRu05956,3,3
692,15725,KiMr25001,1,1
693,15732,AkRu04606,3,3
694,15734,AkRu06383,3,3
695,15737,AkRu05902,3,3
696,15759,AkRu02698,5,5
697,15764,SoRu36580,3,3
698,15766,AkRu05956,3,3
699,15770,AkRu02698,5,5
700,15786,AkRu05902,3,3
701,15788,AkRu06383,3,3
702,15796,AkRu05956,3,3
703,15809,AkRu02698,5,5
704,15813,AkRu06383,3,3
705,15814,AkRu05902,3,3
706,15815,SoRu36580,3,3
707,15822,AkRu05902,3,3
708,15839,AkKi01238,3,3
709,15846,SoRu36580,3,3
710,15854,AkRu05956,3,3
711,15857,KiRu29070,1,1
712,15867,AkRu06383,3,3
713,15869,KiRu29537,2,10
714,15901,AkRu02698,5,5
715,15912,AkRu02698,5,5
716,15929,AmAm09956,1,10
717,15978,AkRu05902,3,3
718,15996,SoRu36580,3,3
719,16007,AkRu05956,3,3
720,16010,AkRu06383,3,3
721,16017,AkRu06383,3,3
722,16027,AkRu02698,5,5
723,16067,AkRu05956,3,3
724,16129,HaRu19673,6,6
725,16155,SoIl32292,2,2
726,16159,SoKo33094,0,10
727,16177,AkRu05956,3,3
728,16183,AmRu15051,7,7
729,16221,KiRu29798,9,9
730,16253,AkRu06170,3,3
731,16276,AkRu03437,0,0
732,16286,SoRu36186,0,0
733,16291,KiRu26556,2,2
734,16383,AkRu07719,3,3
735,16410,AkRu04935,3,10
736,16435,AmRu13851,3,3
737,16439,AmAm09974,9,9
738,16445,SoRu36121,6,6
739,16455,KiRu28677,3,3
740,16459,AkRu04935,3,10
741,16460,SoBa31675,9,9
742,16506,AmRu13851,3,3
743,16513,AkRu04935,3,10
744,16568,HaAm15940,0,0
745,16576,KiRu28677,3,3
746,16593,AkRu04935,3,10
747,16597,AmRu13851,3,3
748,16638,AmBe11161,3,3
749,16660,KiRu28677,3,3
750,16680,AkRu04935,3,10
751,16683,KiRu28677,3,3
752,16689,SoRu38733,5,5
753,16748,AmRu13851,3,3
754,16750,AkKi01455,3,3
755,16757,AmBe11161,3,3
756,16763,AmBe11161,3,3
757,16766,AkRu04935,3,10
758,16770,AmRu13851,3,3
759,16778,KiRu28677,3,3
760,16781,AkKi01455,3,3
761,16786,KiRu28677,3,3
762,16787,AkKi01455,3,3
763,16792,AkRu04935,3,10
764,16807,AmRu13851,3,3
765,16810,AmBe11161,3,3
766,16812,AmRu13851,3,3
767,16824,AkKi01211,3,3
768,16830,AmBe11161,3,3
769,16840,AmAs10552,9,9
770,16856,KiRu28677,3,3
771,16857,AkRu04935,3,10
772,16862,KiRu28045,2,2
773,16887,AkKi01455,3,3
774,16938,HaAm16072,2,2
775,16962,SoRu37253,4,4
776,16966,HaRu20392,4,4
777,16967,AkKi01455,3,3
778,16969,AmAs10939,2,2
779,16979,KiRu28677,3,3
780,16982,AmBe11161,3,3
781,16987,AmRu13851,3,3
782,17009,SoRu37494,9,9
783,17023,KiRu26019,2,2
784,17025,AkKi01455,3,3
785,17030,SoRu37253,4,4
786,17054,AmBe11161,3,3
787,17056,SoRu37253,4,4
788,17066,HaRu19731,3,3
789,17084,SoCh32037,0,0
790,17086,AmDa11466,1,10
791,17104,AkRu05736,3,3
792,17112,AmRu14521,3,3
793,17117,KiMr24897,9,9
794,17120,AmBe11161,3,3
795,17124,AkKi01455,3,3
796,17139,AkKi01455,3,3
797,17140,SoRu37253,4,4
798,17142,AkRu03429,3,3
799,17149,AkKi01235,0,0
800,17193,KiRu26602,1,1
801,17217,SoRu37253,4,4
802,17227,SoRu37253,4,4
803,17298,AmBe11095,9,9
804,17302,SoRu37253,4,4
805,17316,SoRu37253,4,4
806,17343,AkHa00068,3,3
807,17354,SoBa31659,3,3
808,17359,HaSe21006,3,3
809,17397,SoRu39643,1,1
810,17414,KiRu30402,1,1
811,17435,KiRu26010,1,1
812,17444,SoRu39501,3,3
813,17453,AkRu07739,3,3
814,17466,HaYa21619,2,2
815,17576,AkHa00694,9,9
816,17601,SoRu38874,3,3
817,17619,AkRu05627,7,7
818,17627,SoRu38874,3,3
819,17650,SoRu38874,3,3
820,17661,SoRu38874,3,3
821,17701,AkLu02190,4,4
822,17755,KiRu30389,4,4
823,17805,SoRu38874,3,3
824,17810,SoRu38874,3,3
825,17821,SoRu37392,4,4
826,17834,HaRu17446,2,2
827,17842,KiRu26678,2,2
828,17894,SoRu37392,4,4
829,17897,SoRu38874,3,3
830,17917,SoRu35645,3,3
831,17929,SoRu39544,0,10
832,17950,KiZu31170,9,10
833,17974,HaSe21180,1,1
834,17987,SoRu38874,3,3
835,18036,KiRu30553,3,3
836,18045,SoRu37392,4,4
837,18088,SoRu37392,4,4
838,18090,KiRu30553,3,3
839,18114,KiRu30553,3,3
840,18116,SoRu37392,4,4
841,18142,SoRu35261,0,0
842,18145,AkRu04217,3,3
843,18166,KiRu30553,3,3
844,18185,SoMa34049,0,0
845,18215,SoRu37392,4,4
846,18263,SoRu37392,4,4
847,18267,KiRu30553,3,3
848,18320,KiRu30553,3,3
849,18321,KiRu26074,2,2
850,18330,KiIs23717,3,3
851,18383,SoRu37392,4,4
852,18413,SoIl32702,2,2
853,18416,KiRu28377,2,2
854,18443,KiMr24359,2,10
855,18450,KiRu30553,3,3
856,18454,KiRu30553,3,3
857,18463,KiRu28718,1,1
858,18475,KiIs24038,9,9
859,18482,SoRu35204,3,3
860,18495,SoRu37841,6,10
861,18604,SoRu36804,4,4
862,18615,SoIl32437,3,3
863,18740,HaRu20617,1,1
864,18821,SoBa31473,2,2
865,18841,AkRu07622,2,2
866,18928,KiRu27444,7,7
867,19027,AkRu04174,2,2
868,19044,KiRu26898,2,2
869,19157,SoRu35634,3,3
870,19195,SoKo33111,1,1
871,19210,AkRu08633,3,3
872,19214,KiMr24558,0,0
873,19229,SoRu37498,3,3
874,19267,AkRu03009,2,2
875,19309,KiRu27696,0,0
876,19349,AmAm09795,9,9
877,19388,AmDa11808,6,6
878,19474,KiIs23563,2,2
879,19548,HaRu17470,1,1
880,19578,AmAm09735,1,1
881,19641,AkRu04612,2,2
882,19681,SoRu37885,3,3
883,19718,KiRu26564,9,9
884,19732,HaDe16360,1,1
885,19733,SoRu36378,9,9
886,19735,SoRu35287,2,2
887,19772,SoRu36476,3,3
888,19804,SoRu35243,0,0
889,19813,AkRu08755,3,3
890,19831,SoRu38178,3,3
891,19939,AkRu06359,2,2
892,19961,AkRu05741,3,10
893,19982,AmAm09774,9,9
894,19984,SoRu36236,2,2
895,20090,KiAm22113,3,3
896,20163,SoRu38401,2,10
897,20199,KiRu27742,3,3
898,20242,AmAs10727,3,3
899,20320,HaRu20437,3,3
900,20354,SoRu35370,0,0
901,20386,HaRu20437,3,3
902,20396,HaRu20437,3,3
903,20415,HaRu20437,3,3
904,20444,KiRu30193,1,1
905,20447,KiRu25484,1,1
906,20456,KiRu26156,9,9
907,20494,HaRu20437,3,3
908,20509,HaSe21050,3,3
909,20555,KiZu30797,0,0
910,20600,SoRu36421,0,0
911,20653,HaRu20437,3,3
912,20659,KiHa23287,9,9
913,20668,AkRu08527,2,2
914,20698,HaRu20437,3,3
915,20755,SoRu34723,4,4
916,20774,KiZu31150,3,3
917,20781,AkRu05864,3,3
918,20783,HaRu20437,3,3
919,20804,HaDj16730,1,1
920,20832,SoRu34723,4,4
921,20854,SoRu34723,4,4
922,20892,SoRu34723,4,4
923,20902,SoMa34044,0,0
924,20924,AkHa00613,3,3
925,20949,SoRu34723,4,4
926,20996,AkLu02496,3,3
927,21010,KiRu26067,3,3
928,21022,AmAm09885,9,9
929,21049,SoRu34723,4,4
930,21098,KiRu26067,3,3
931,21110,SoRu34723,4,4
932,21122,KiZu31020,0,0
933,21140,SoRu38250,6,6
934,21143,AmRu13619,9,9
935,21160,AkRu05215,3,10
936,21162,KiRu26067,3,3
937,21173,KiMr24471,0,0
938,21254,KiRu26067,3,3
939,21258,AkRu06851,3,3
940,21262,KiRu27709,2,2
941,21271,SoRu34723,4,4
942,21281,KiRu26067,3,3
943,21298,AkRu06851,3,3
944,21315,KiRu26067,3,3
945,21324,AkRu06851,3,3
946,21373,AkRu06851,3,3
947,21375,HaRu18780,1,1
948,21376,KiRu29534,3,3
949,21381,KiRu25462,2,2
950,21385,AkHa00746,1,1
951,21392,AkHa00311,9,10
952,21403,KiRu26067,3,3
953,21437,AkRu06851,3,3
954,21444,AmRu15683,9,9
955,21476,KiRu26067,3,3
956,21511,AkRu06851,3,3
957,21540,AmRu15659,3,3
958,21557,SoRu35551,9,9
959,21593,AkRu06851,3,3
960,21734,AkRu06851,3,3
961,21855,AkLu02530,9,9
962,21864,HaRu19549,1,1
963,21867,SoKo33489,2,2
964,21884,HaZa21907,1,1
965,21897,KiRu29786,0,0
966,21900,HaRu18150,1,1
967,21902,SoCh32233,0,0
968,21925,KiRu28313,2,2
969,21941,HaZa21677,1,1
970,21978,KiIs24054,9,9
971,22009,AkRu06181,6,6
972,22015,KiRu27994,6,6
973,22019,KiZu31427,9,9
974,22180,AkRu05101,3,3
975,22192,AkHa00401,1,1
976,22194,AkRu05437,7,7
977,22209,AkRu05101,3,3
978,22231,AkRu05101,3,3
979,22255,AkRu05101,3,3
980,22280,SoRu36896,4,4
981,22323,KiMr25130,2,2
982,22344,AkRu05101,3,3
983,22347,AkRu08142,1,1
984,22369,AmRu13829,9,9
985,22381,KiRu30293,0,0
986,22399,KiRu27550,2,2
987,22404,AkRu07523,3,3
988,22416,SoRu38405,0,0
989,22455,AkRu03017,3,3
990,22456,AkRu08372,2,2
991,22471,AkRu05101,3,3
992,22545,AkRu05101,3,3
993,22553,AkRu03017,3,3
994,22569,KiZu31112,1,1
995,22579,AkRu05101,3,3
996,22580,SoIl32529,2,2
997,22627,SoRu39161,1,1
998,22633,AkRu03017,3,3
999,22639,AkRu03017,3,3
1000,22670,AkRu03017,3,3
1001,22703,SoMa34203,9,9
1002,22708,AkRu06471,2,2
1003,22738,AkRu03017,3,3
1004,22806,AkRu03017,3,3
1005,22846,KiZu30761,4,4
1006,22872,AkRu03049,3,3
1007,22882,AkRu03017,3,3
1008,22885,HaSe21058,3,3
1009,22921,KiHa22701,9,9
1010,22974,KiRu25869,3,3
1011,22979,AkRu03049,3,3
1012,22982,AmBe11175,3,3
1013,22995,AkRu03049,3,3
1014,22997,KiRu25869,3,3
1015,23001,SoRu35393,1,1
1016,23013,AkLu01598,2,2
1017,23048,AmBe11175,3,3
1018,23064,AmPw12557,9,9
1019,23081,KiRu25869,3,3
1020,23088,AmBe11175,3,3
1021,23091,AkRu03049,3,3
1022,23094,AmBe11175,3,3
1023,23106,AkRu03049,3,3
1024,23110,KiRu25869,3,3
1025,23115,AmBe11175,3,3
1026,23126,AmRu14223,1,10
1027,23141,KiRu25869,3,3
1028,23181,AkRu03049,3,3
1029,23182,AmBe10942,9,9
1030,23200,AmBe11175,3,3
1031,23203,KiRu25869,3,3
1032,23249,SoRu35914,2,2
1033,23263,SoRu35906,5,5
1034,23267,AkRu03049,3,3
1035,23287,AmBe11175,3,3
1036,23292,AkRu03049,3,3
1037,23317,KiRu25869,3,3
1038,23328,KiMr24919,1,10
1039,23333,SoRu35906,5,5
1040,23377,AmAm09911,3,3
1041,23398,AmRu14465,3,3
1042,23420,SoRu35906,5,5
1043,23445,KiRu25869,3,3
1044,23453,AmBe11175,3,3
1045,23526,AmRu14465,3,3
1046,23530,AmRu15846,2,2
1047,23532,SoRu35906,5,5
1048,23536,KiRu28208,3,3
1049,23541,AmRu14465,3,3
1050,23546,SoRu35906,5,5
1051,23577,AmRu14465,3,3
1052,23587,SoRu35906,5,5
1053,23608,AmRu15392,3,3
1054,23620,SoRu38818,0,0
1055,23666,AmRu14465,3,3
1056,23668,KiZu30864,4,4
1057,23677,SoRu35906,5,5
1058,23690,SoRu39012,0,0
1059,23691,AmRu14302,9,9
1060,23693,SoRu35906,5,5
1061,23715,HaRu20005,1,10
1062,23719,AmBe10959,4,4
1063,23748,AmRu14465,3,3
1064,23766,AkRu03541,2,2
1065,23770,KiRu27776,3,3
1066,23771,AkRu08552,3,3
1067,23792,AmRu14267,2,2
1068,23794,AmRu14465,3,3
1069,23813,AmRu13070,3,3
1070,23817,KiHa23019,1,1
1071,23848,AmRu14465,3,3
1072,23857,AmDa11947,1,1
1073,23881,KiRu27776,3,3
1074,23970,KiRu27776,3,3
1075,23976,KiIs23643,3,3
1076,24020,KiRu27776,3,3
1077,24065,KiRu27776,3,3
1078,24089,KiRu27776,3,3
1079,24109,KiRu29277,6,6
1080,24139,SoRu35504,2,2
1081,24159,KiRu27776,3,3
1082,24173,AmPw12594,9,9
1083,24197,AkRu02750,6,6
1084,24249,KiRu30206,1,1
1085,24268,KiRu27776,3,3
1086,24269,SoBa31739,3,3
1087,24277,AkRu05883,2,2
1088,24293,AkRu04294,9,9
1089,24350,KiRu26004,3,3
1090,24353,AmPw12359,9,9
1091,24374,AmRu15634,3,3
1092,24414,KiRu26004,3,3
1093,24427,KiRu27209,3,3
1094,24429,AkLu02438,9,9
1095,24437,KiAm22546,0,0
1096,24488,KiRu27209,3,3
1097,24491,KiRu26004,3,3
1098,24507,KiRu27209,3,3
1099,24515,KiRu26004,3,3
1100,24528,KiRu26004,3,3
1101,24609,KiRu27209,3,3
1102,24653,KiRu27209,3,3
1103,24662,HaRu20394,9,9
1104,24674,HaZa21694,2,2
1105,24696,KiRu26004,3,3
1106,24707,KiRu27209,3,3
1107,24774,AkRu07774,3,3
1108,24785,KiRu26004,3,3
1109,24791,SoRu36625,9,9
1110,24797,AkLu02500,3,10
1111,24824,AkKi01263,2,2
1112,24825,SoRu35092,0,0
1113,24840,KiRu26004,3,3
1114,24852,KiRu27209,3,3
1115,24867,SoMa34211,1,10
1116,24912,KiRu26860,0,0
1117,24938,KiRu27209,3,3
1118,25034,HaRu17079,3,3
1119,25090,AkHa00193,9,9
1120,25096,AmRu15593,1,1
1121,25122,KiRu27045,9,9
1122,25130,AkLu02114,3,3
1123,25132,SoRu38207,9,9
1124,25168,AkRu05299,2,2
1125,25264,HaRu18493,3,3
1126,25278,AkRu07801,3,3
1127,25316,KiHa23378,2,2
1128,25331,HaRu19176,1,1
1129,25371,AkRu07801,3,3
1130,25373,HaRu17617,3,3
1131,25386,SoIl32445,2,2
1132,25387,AkHa00363,0,10
1133,25388,AkRu05976,2,2
1134,25405,AkRu07801,3,3
1135,25432,AkRu07801,3,3
1136,25461,AkRu07801,3,3
1137,25512,AkRu08105,2,2
1138,25520,AkRu07801,3,3
1139,25546,AmAm09527,9,9
1140,25547,KiZu31241,3,3
1141,25621,HaRu19828,2,2
1142,25624,SoIl32343,6,6
1143,25652,KiRu29119,1,1
1144,25659,KiZu31241,3,3
1145,25667,AkRu07801,3,3
1146,25671,KiZu31241,3,3
1147,25691,AkRu07801,3,3
1148,25725,HaRu19244,2,10
1149,25748,SoRu37428,3,3
1150,25787,SoKo33185,9,9
1151,25791,KiZu31241,3,3
1152,25798,SoRu37428,3,3
1153,25800,KiRu27948,3,3
1154,25822,KiRu28057,1,1
1155,25833,KiAm22052,3,3
1156,25843,KiRu27948,3,3
1157,25846,KiZu31241,3,3
1158,25854,SoRu37428,3,3
1159,25860,SoRu37428,3,3
1160,25866,KiRu27948,3,3
1161,25874,KiZu31241,3,3
1162,25879,KiZu31241,3,3
1163,25888,SoRu37428,3,3
1164,25905,KiHa22725,1,1
1165,25914,KiRu30008,1,1
1166,25918,AkRu03221,1,1
1167,25960,KiRu27948,3,3
1168,25972,HaDj16864,1,1
1169,25974,KiRu27948,3,3
1170,25976,AmAb08975,9,9
1171,25988,SoRu37428,3,3
1172,25993,AkRu07384,3,3
1173,26017,KiZu31241,3,3
1174,26070,SoRu37428,3,3
1175,26090,HaDe16405,1,1
1176,26091,KiRu27948,3,3
1177,26097,KiHa23479,3,3
1178,26100,SoRu39385,2,2
1179,26133,SoRu38915,1,1
1180,26141,SoRu38125,5,5
1181,26148,SoRu35482,0,0
1182,26179,KiRu27948,3,3
1183,26183,SoMa34366,9,10
1184,26187,SoRu36807,0,0
1185,26189,AkRu06420,3,3
1186,26199,SoRu37428,3,3
1187,26206,KiAm21997,9,9
1188,26218,KiRu25895,1,1
1189,26252,SoRu38125,5,5
1190,26255,SoRu36975,0,0
1191,26258,AkKi01559,3,3
1192,26260,HaSe21323,3,10
1193,26263,AmBe11275,3,3
1194,26265,AkRu07396,2,2
1195,26273,KiRu27948,3,3
1196,26300,SoRu38125,5,5
1197,26302,AmBe11275,3,3
1198,26312,AmBe11275,3,3
1199,26322,SoRu38125,5,5
1200,26351,HaRu20434,2,2
1201,26358,SoRu38125,5,5
1202,26386,AmBe11275,3,3
1203,26410,SoRu38125,5,5
1204,26429,KiRu28806,1,1
1205,26441,HaAm16185,2,2
1206,26455,KiIs23737,9,9
1207,26483,AkLu02038,9,9
1208,26484,AkRu02682,2,2
1209,26491,AmBe11275,3,3
1210,26502,SoRu38125,5,5
1211,26516,KiRu25511,9,9
1212,26522,AkKi01487,1,1
1213,26526,SoRu34909,0,0
1214,26538,KiRu27091,3,3
1215,26566,SoRu38045,9,10
1216,26575,AmBe11275,3,3
1217,26607,KiRu27091,3,3
1218,26610,KiRu27187,2,2
1219,26634,SoRu38125,5,5
1220,26670,AmBe11275,3,3
1221,26695,AkRu04281,0,0
1222,26698,AmBe11275,3,3
1223,26731,KiRu27091,3,3
1224,26776,KiRu27091,3,3
1225,26796,KiRu27091,3,3
1226,26801,KiRu27091,3,3
1227,26847,KiRu29503,9,9
1228,26851,HaRu17182,1,1
1229,26906,HaRu20039,1,1
1230,26927,KiRu27091,3,3
1231,26949,HaSe21254,9,9
1232,27027,KiRu27091,3,3
1233,27044,KiAm22619,3,3
1234,27091,AkLu02173,1,1
1235,27092,HaAm15942,1,1
1236,27125,SoRu37485,1,1
1237,27128,HaRu17945,0,0
1238,27142,HaRu20313,5,5
1239,27180,KiRu30069,3,3
1240,27200,HaRu20313,5,5
1241,27212,HaRu20313,5,5
1242,27240,KiRu26316,3,3
1243,27250,AmRu12818,3,3
1244,27260,AkRu04780,1,1
1245,27301,HaRu20313,5,5
1246,27307,KiRu26316,3,3
1247,27371,KiHa22779,2,2
1248,27374,HaRu20313,5,5
1249,27418,KiRu26316,3,3
1250,27441,KiRu28556,4,4
1251,27459,HaRu20313,5,5
1252,27482,KiRu26316,3,3
1253,27524,AkRu08508,5,5
1254,27552,HaRu20313,5,5
1255,27558,HaRu20313,5,5
1256,27569,KiRu26316,3,3
1257,27574,AkRu08508,5,5
1258,27610,KiRu28942,2,2
1259,27645,KiRu26316,3,3
1260,27659,AkRu08508,5,5
1261,27668,AkRu08508,5,5
1262,27670,KiRu26316,3,3
1263,27690,AkRu08508,5,5
1264,27703,AkRu08031,7,7
1265,27722,AkRu06788,3,3
1266,27739,AkRu08008,2,2
1267,27769,KiRu26316,3,3
1268,27772,AkRu08508,5,5
1269,27814,AkRu08534,3,3
1270,27835,AkRu05601,1,1
1271,27916,AkRu08508,5,5
1272,27946,AmRu14200,1,1
1273,27964,SoBa31719,1,1
1274,27973,KiZu31353,3,3
1275,27977,AkRu08508,5,5
1276,27985,SoRu38427,0,0
1277,27990,SoIl32610,9,9
1278,28016,AkKi01059,2,2
1279,28033,KiZu31353,3,3
1280,28038,AkRu02688,0,0
1281,28053,SoRu37471,9,9
1282,28066,AmAm09860,2,2
1283,28121,KiZu31353,3,3
1284,28130,KiZu31353,3,3
1285,28171,KiZu31353,3,3
1286,28211,KiZu31353,3,3
1287,28235,KiAm22240,9,9
1288,28247,AmPw12550,9,9
1289,28274,KiZu31353,3,3
1290,28281,AkRu06246,5,5
1291,28319,KiHa22708,2,2
1292,28334,AmRu15053,9,9
1293,28338,AkRu06339,0,0
1294,28355,KiZu31353,3,3
1295,28362,SoRu35824,1,1
1296,28365,AmAm09422,9,9
1297,28393,AkRu06246,5,5
1298,28397,SoRu37271,2,2
1299,28404,KiIs24083,2,10
1300,28428,AkRu06246,5,5
1301,28511,KiRu29073,2,2
1302,28538,AkRu06246,5,5
1303,28555,AkRu06246,5,5
1304,28583,SoIl32705,9,9
1305,28621,AkRu02837,2,2
1306,28631,AkRu06246,5,5
1307,28639,KiRu29909,1,1
1308,28642,KiRu28083,4,4
1309,28644,KiRu29170,9,9
1310,28656,AkRu06246,5,5
1311,28685,AkRu05017,2,2
1312,28722,AmDa12143,3,3
1313,28729,HaYa21395,2,10
1314,28758,SoRu35221,0,0
1315,28787,AmDa12143,3,3
1316,28815,AkRu06246,5,5
1317,28842,HaRu19669,2,2
1318,28843,AmDa12045,5,5
1319,28844,AkRu04215,1,1
1320,28845,KiRu30443,3,3
1321,28859,KiRu28820,0,0
1322,28869,AkHa00053,9,10
1323,28874,KiRu26598,9,10
1324,28886,AmRu15137,3,3
1325,28928,AmDa12143,3,3
1326,28931,AmDa12045,5,5
1327,28935,AmDa12143,3,3
1328,28943,HaRu20530,2,2
1329,28974,SoRu37119,9,9
1330,28999,KiRu30443,3,3
1331,29018,KiRu30443,3,3
1332,29025,AmDa12143,3,3
1333,29037,AmDa12045,5,5
1334,29040,AmDa12143,3,3
1335,29057,KiRu30443,3,3
1336,29059,AmDa12045,5,5
1337,29077,KiHa23010,1,1
1338,29097,KiZu30908,0,0
1339,29104,AkLu01944,3,3
1340,29132,KiMr24607,2,2
1341,29135,AkRu03306,7,7
1342,29137,KiIs23593,1,1
1343,29146,HaRu17778,0,0
1344,29152,AmPw12595,9,9
1345,29153,AmDa12045,5,5
1346,29155,KiRu30443,3,3
1347,29163,AmDa12143,3,3
1348,29201,KiRu28123,2,2
1349,29230,AmDa12143,3,3
1350,29244,KiRu30443,3,3
1351,29246,AmDa12045,5,5
1352,29255,AkKi01488,1,1
1353,29311,AmAm09794,2,2
1354,29329,KiRu30443,3,3
1355,29336,AmRu12815,2,2
1356,29342,AmDa12045,5,5
1357,29351,AmDa12045,5,5
1358,29363,KiRu30182,3,3
1359,29367,KiZu30744,2,2
1360,29407,AkHa00314,9,10
1361,29419,AmAm09492,9,9
1362,29425,KiRu30443,3,3
1363,29443,HaDe16581,1,1
1364,29470,SoMa33737,2,2
1365,29514,SoRu39485,1,1
1366,29683,AmPw12411,9,9
1367,29731,AkHa00593,2,2
1368,29772,KiRu27065,0,10
1369,29816,SoRu36209,1,1
1370,29906,SoMa33787,0,0
1371,29970,SoRu34954,6,6
1372,30088,KiRu25527,2,2
1373,30111,SoMa34421,3,3
1374,30172,KiRu26263,9,9
1375,30183,KiHa23242,1,1
1376,30254,AkRu06099,9,9
1377,30270,SoRu36435,2,2
1378,30299,SoRu38801,5,5
1379,30320,KiIs24171,9,9
1380,30369,HaRu18732,2,2
1381,30376,SoRu38947,2,2
1382,30389,AkRu03027,3,3
1383,30396,KiRu27527,2,2
1384,30403,SoRu38801,5,5
1385,30408,AmRu14792,4,4
1386,30431,AkRu03027,3,3
1387,30446,SoRu38801,5,5
1388,30460,SoRu38801,5,5
1389,30461,AkRu03027,3,3
1390,30467,AkRu03027,3,3
1391,30475,SoRu38501,7,7
1392,30501,HaDe16557,1,1
1393,30524,HaRu17528,1,10
1394,30525,AkHa00732,9,9
1395,30535,AmBe11296,3,3
1396,30537,AkRu05636,2,2
1397,30551,SoRu38801,5,5
1398,30561,KiRu26664,2,2
1399,30594,AmBe11285,9,9
1400,30603,AmBe11296,3,3
1401,30616,KiRu29314,0,0
1402,30622,AkRu03027,3,3
1403,30632,SoRu38801,5,5
1404,30639,AkRu03027,3,3
1405,30654,AmAb09033,9,9
1406,30665,SoRu37224,2,2
1407,30690,SoMa34020,2,2
1408,30699,SoRu38801,5,5
1409,30701,AmBe11296,3,3
1410,30708,SoRu38801,5,5
1411,30711,KiRu25467,0,0
1412,30726,AkRu03027,3,3
1413,30733,AmBe11296,3,3
1414,30754,KiRu27852,2,2
1415,30779,AkRu03027,3,3
1416,30780,AmBe11296,3,3
1417,30851,AmBe11296,3,3
1418,30884,AmBe11296,3,3
1419,30963,AmBe11296,3,3
1420,30989,SoRu34787,2,2
1421,30990,SoRu38360,0,0
1422,30991,KiMr24554,0,0
1423,31017,KiZu30813,3,3
1424,31028,AmRu14887,9,10
1425,31033,KiZu31100,3,10
1426,31048,HaAm16170,1,1
1427,31092,AmRu13718,9,9
1428,31102,HaDe16375,2,2
1429,31106,AkLu02036,9,9
1430,31113,KiAm22582,2,2
1431,31114,AmBe11146,9,9
1432,31115,KiZu31100,3,10
1433,31123,HaZa21901,2,2
1434,31146,KiZu31100,3,10
1435,31165,HaDe16546,1,1
1436,31178,KiMr24860,1,1
1437,31183,SoRu37252,2,2
1438,31203,KiZu30848,0,0
1439,31232,AmAm09662,1,1
1440,31236,SoKo33227,1,1
1441,31256,SoRu38398,3,3
1442,31258,HaYa21456,2,2
1443,31260,KiZu31100,3,10
1444,31317,KiZu31100,3,10
1445,31335,KiZu31100,3,10
1446,31380,SoRu35843,0,0
1447,31401,AmRu15533,3,3
1448,31416,KiRu26647,1,1
1449,31436,KiZu31100,3,10
1450,31483,HaZa21735,1,1
1451,31486,SoRu37753,2,2
1452,31496,AmAb09168,9,9
1453,31501,KiZu31100,3,10
1454,31544,KiRu28608,1,1
1455,31599,HaRu18412,2,2
1456,31642,SoRu37129,0,0
1457,31671,SoRu38873,0,0
1458,31729,HaRu19071,3,3
1459,31888,AkRu03358,1,10
1460,31908,AmAs10172,9,9
1461,31942,SoRu38216,3,3
1462,31978,AkRu04632,2,2
1463,31987,SoRu38546,9,9
1464,32008,AkRu06284,3,10
1465,32036,AkRu06284,3,10
1466,32067,KiRu25837,4,4
1467,32080,SoRu36345,3,3
1468,32119,AkRu06284,3,10
1469,32140,AmRu13392,9,9
1470,32143,KiRu28632,5,5
1471,32156,SoRu36345,3,3
1472,32189,KiMr24804,5,5
1473,32217,AkRu06284,3,10
1474,32230,SoRu36345,3,3
1475,32232,KiRu30223,2,2
1476,32243,HaRu20358,1,1
1477,32248,KiMr24804,5,5
1478,32283,KiRu28632,5,5
1479,32304,KiRu28632,5,5
1480,32311,KiMr24804,5,5
1481,32313,SoRu36345,3,3
1482,32320,AkRu06284,3,10
1483,32328,SoRu36345,3,3
1484,32332,AkRu06284,3,10
1485,32338,KiMr24804,5,5
1486,32342,KiRu28632,5,5
1487,32359,SoRu36345,3,3
1488,32365,AkRu03116,3,3
1489,32390,SoMa34162,3,3
1490,32424,AkRu06284,3,10
1491,32428,KiMr24804,5,5
1492,32431,KiRu28632,5,5
1493,32464,HaRu17928,9,9
1494,32466,AmAm09904,9,9
1495,32486,KiRu28632,5,5
1496,32491,AmRu14207,1,1
1497,32518,AkRu06284,3,10
1498,32520,KiRu29129,1,1
1499,32527,KiMr24804,5,5
1500,32529,SoRu36345,3,3
1501,32554,KiRu26698,9,9
1502,32555,HaRu18142,2,10
1503,32563,KiMr24804,5,5
1504,32577,KiRu28632,5,5
1505,32613,SoRu36345,3,3
1506,32667,KiRu28632,5,5
1507,32684,KiRu29410,5,5
1508,32691,KiMr24804,5,5
1509,32719,SoRu38119,1,1
1510,32735,AmAs10340,9,9
1511,32744,HaRu18221,2,2
1512,32758,KiRu29410,5,5
1513,32785,KiRu29410,5,5
1514,32805,KiRu29410,5,5
1515,32824,KiMr24993,9,9
1516,32826,KiAm22274,2,2
1517,32836,AkRu05064,0,0
1518,32883,KiRu25576,6,6
1519,32891,KiRu29410,5,5
1520,32892,KiRu29410,5,5
1521,32911,AmPw12289,9,9
1522,32947,SoRu34786,0,0
1523,32963,AmBe11096,9,9
1524,32992,SoIl32999,2,2
1525,33011,KiRu29410,5,5
1526,33020,AmRu13435,9,9
1527,33059,AkRu03951,2,2
1528,33063,SoRu39294,0,0
1529,33085,KiIs23998,1,1
1530,33096,KiRu29410,5,5
1531,33105,KiRu27927,3,3
1532,33109,SoRu36514,6,6
1533,33141,HaRu20395,1,1
1534,33146,KiHa23050,1,1
1535,33191,AkHa00695,9,9
1536,33277,AkRu07586,2,2
1537,33282,AkRu05172,6,6
1538,33350,HaRu20409,2,2
1539,33352,AkRu06069,7,7
1540,33358,KiRu25975,1,1
1541,33366,KiMr24760,2,2
1542,33553,AmAs10055,6,6
1543,33587,SoRu37901,3,3
1544,33591,AkRu08262,2,2
1545,33597,SoRu36758,6,6
1546,33630,AkRu03475,1,10
1547,33654,SoRu37901,3,3
1548,33687,SoRu37901,3,3
1549,33709,AmRu14768,9,9
1550,33743,SoRu37901,3,3
1551,33814,AkRu05815,3,3
1552,33819,SoRu37901,3,3
1553,33833,HaRu20544,1,10
1554,33870,SoRu37901,3,3
1555,33887,KiHa22712,3,3
1556,33897,AmRu14130,2,2
1557,33923,AkRu02879,3,3
1558,33931,KiRu27884,1,10
1559,33958,KiRu25503,1,1
1560,34005,AkRu07303,0,0
1561,34007,AkKi01226,2,2
1562,34009,AkRu07820,3,3
1563,34015,SoRu37901,3,3
1564,34065,SoRu37901,3,3
1565,34194,AmRu13981,3,3
1566,34248,AmRu13018,5,5
1567,34259,AmRu12983,3,3
1568,34261,AmAb09099,6,6
1569,34298,AmRu14214,3,3
1570,34310,AmRu13018,5,5
1571,34361,AkRu05338,1,1
1572,34364,KiRu27908,3,3
1573,34365,SoCh32036,9,9
1574,34367,AkRu06169,3,3
1575,34369,AkRu04989,1,1
1576,34427,AkRu05848,3,3
1577,34453,AmRu13018,5,5
1578,34469,HaZa21906,2,2
1579,34478,HaRu19396,1,1
1580,34517,AmAm09737,0,0
1581,34526,AmRu13018,5,5
1582,34586,AmRu13018,5,5
1583,34596,AmRu13018,5,5
1584,34696,AmRu13018,5,5
1585,34707,SoRu36495,1,1
1586,34737,AmRu13018,5,5
1587,34773,HaRu18730,1,1
1588,34815,AkRu03421,1,1
1589,34822,AmRu15719,9,10
1590,34827,AkRu07097,2,2
1591,34833,AkKi01256,1,10
1592,34842,HaZa21669,2,2
1593,34917,SoRu37072,1,1
1594,34974,AkRu07749,2,2
1595,35054,AmAs10285,3,3
1596,35093,SoRu34823,3,3
1597,35109,AmAs10285,3,3
1598,35135,AmAs10285,3,3
1599,35173,SoRu36774,2,2
1600,35190,SoRu39448,1,1
1601,35230,SoRu36024,0,0
1602,35257,AmAs10285,3,3
1603,35277,AmAs10285,3,3
1604,35317,SoRu35086,3,3
1605,35324,AkRu05226,0,0
1606,35325,AmDa11996,2,2
1607,35329,SoRu37941,9,9
1608,35356,SoKo33508,2,2
1609,35358,KiHa23446,9,9
1610,35385,HaRu18473,2,2
1611,35401,HaRu20407,2,2
1612,35416,SoRu35086,3,3
1613,35454,AmAs10285,3,3
1614,35462,AmAs10285,3,3
1615,35478,SoRu35086,3,3
1616,35488,KiRu29806,9,9
1617,35491,AkRu04894,3,3
1618,35498,KiIs24165,2,2
1619,35510,AkRu07056,2,2
1620,35531,SoIl32694,9,9
1621,35548,SoRu35086,3,3
1622,35578,AmAs10285,3,3
1623,35606,AkRu08933,0,0
1624,35635,SoRu35086,3,3
1625,35662,SoRu35086,3,3
1626,35678,SoRu35086,3,3
1627,35697,AmDa12222,3,3
1628,35709,AmRu13754,9,9
1629,35753,AkKi01062,2,2
1630,35756,SoRu35086,3,3
1631,35788,KiRu27949,9,9
1632,35846,HaRu20466,9,9
1633,35863,KiRu27102,0,0
1634,35941,AkRu06883,9,9
1635,36027,SoRu35924,2,2
1636,36031,AmAm09592,9,9
1637,36052,KiHa23219,2,2
1638,36188,HaAm15902,2,2
1639,36205,SoRu37407,0,0
1640,36239,AkRu03204,3,3
1641,36270,AkKi01484,3,3
1642,36368,HaDj16925,1,1
1643,36386,AkRu02995,3,3
1644,36397,KiRu27373,2,2
1645,36401,AkHa00296,3,3
1646,36432,AkRu04678,3,3
1647,36448,SoRu38054,0,0
1648,36539,SoRu39268,9,9
1649,36549,AkHa00719,2,2
1650,36642,AkRu05660,3,3
1651,36769,AkRu04239,2,2
1652,36775,AkRu07773,3,3
1653,36797,HaRu19880,1,1
1654,36814,AkRu04493,3,3
1655,36815,KiMr25056,1,1
1656,36818,HaRu20146,2,10
1657,36864,KiZu31370,3,10
1658,36882,SoRu37406,2,2
1659,36889,KiIs24014,1,1
1660,36919,HaYa21356,2,2
1661,36952,AmRu14527,3,3
1662,36974,AmAs10319,3,3
1663,36976,HaRu20534,2,2
1664,36983,AkRu06786,7,7
1665,36989,AmRu13044,9,9
1666,37012,KiRu25582,3,3
1667,37033,AkRu05622,2,2
1668,37047,AmAs10319,3,3
1669,37077,AmAs10319,3,3
1670,37148,AmAs10319,3,3
1671,37163,AmAs10319,3,3
1672,37231,SoCh31985,3,3
1673,37248,AmAs10319,3,3
1674,37270,HaRu18509,3,3
1675,37283,KiIs23885,1,1
1676,37346,KiRu25770,3,3
1677,37357,AkRu04508,1,10
1678,37358,AkRu06613,2,2
1679,37375,KiRu28294,5,5
1680,37376,AkRu04359,3,3
1681,37379,AkLu02044,0,0
1682,37406,AkHa00632,3,3
1683,37418,AmAs10319,3,3
1684,37437,AmAm09566,9,9
1685,37439,AkRu05675,3,3
1686,37457,AkRu07310,9,10
1687,37483,AmAs10319,3,3
1688,37485,AkLu01749,3,3
1689,37486,AkRu04504,7,7
1690,37490,AmAs10647,7,7
1691,37498,AkRu08930,2,2
1692,37601,KiRu28000,0,0
1693,37696,KiMr24550,9,9
1694,37807,HaRu18408,3,3
1695,37916,HaRu18408,3,3
1696,37927,AmRu14948,3,3
1697,37948,HaRu18408,3,3
1698,37982,AkRu03802,0,0
1699,38018,AmRu14948,3,3
1700,38020,HaRu18408,3,3
1701,38033,HaRu18408,3,3
1702,38035,AmRu14948,3,3
1703,38045,HaRu18408,3,3
1704,38071,AmDa11611,1,1
1705,38102,KiRu27364,0,10
1706,38118,AmRu14948,3,3
1707,38134,AmRu15632,9,9
1708,38157,AmRu14948,3,3
1709,38161,KiRu30676,2,2
1710,38173,AkRu06282,2,2
1711,38179,HaRu18408,3,3
1712,38191,KiRu25537,3,3
1713,38202,KiZu30805,1,1
1714,38213,SoRu37942,1,1
1715,38224,HaRu18408,3,3
1716,38263,SoRu37009,0,0
1717,38287,AkRu04085,0,0
1718,38304,AmRu14948,3,3
1719,38309,AmRu14948,3,3
1720,38354,KiHa23155,3,3
1721,38378,AmRu14948,3,3
1722,38383,AkRu06353,3,3
1723,38419,SoRu36779,2,2
1724,38422,SoBa31815,9,9
1725,38435,AkLu01828,9,9
1726,38645,AkRu07584,0,0
1727,38650,KiRu30604,0,0
1728,38660,HaRu17037,2,2
1729,38714,AkRu07026,9,9
1730,38723,KiRu30271,3,3
1731,38751,KiHa23108,2,2
1732,38786,SoRu35998,1,1
1733,38805,SoBa31528,3,3
1734,38814,KiAm22323,2,2
1735,38834,AmRu15123,9,9
1736,38879,KiZu30905,9,9
1737,38982,AkRu07822,2,2
1738,38984,AkRu07627,7,7
1739,39024,KiMr25238,3,3
1740,39079,SoRu37311,3,3
1741,39129,HaAm16144,2,2
1742,39185,AkRu05381,6,6
1743,39202,SoBa31712,3,3
1744,39218,SoRu37311,3,3
1745,39250,AkRu08640,3,10
1746,39251,SoRu37311,3,3
1747,39322,SoRu37311,3,3
1748,39356,AkRu08640,3,10
1749,39372,AkRu06193,3,3
1750,39377,KiHa23374,2,2
1751,39383,AkRu08640,3,10
1752,39393,SoRu37311,3,3
1753,39401,AkRu08640,3,10
1754,39413,SoRu37311,3,3
1755,39427,SoRu37311,3,3
1756,39438,KiRu29143,7,7
1757,39478,SoMa34566,2,2
1758,39479,SoRu35424,3,3
1759,39483,AkRu08640,3,10
1760,39500,SoRu37311,3,3
1761,39514,KiHa23034,3,3
1762,39518,SoRu35424,3,3
1763,39520,HaRu18307,1,1
1764,39531,AkRu03992,2,2
1765,39550,AmAm09844,9,9
1766,39558,AkRu08640,3,10
1767,39592,SoRu35424,3,3
1768,39605,AkRu06775,2,2
1769,39631,AkRu08640,3,10
1770,39639,SoRu36284,1,1
1771,39654,SoRu35424,3,3
1772,39662,AkRu08640,3,10
1773,39706,KiAm22332,6,6
1774,39752,KiRu28005,2,2
1775,39773,SoRu36947,6,6
1776,39791,SoRu35424,3,3
1777,39811,SoRu35424,3,3
1778,39835,SoRu35424,3,3
1779,39845,SoRu34775,0,0
1780,39852,AmBe10969,3,3
1781,39863,AkHa00459,1,1
1782,39886,AmRu13532,9,9
1783,39915,SoRu35424,3,3
1784,39963,AmBe10969,3,3
1785,39998,HaRu19522,1,1
1786,40058,AmRu15726,3,3
1787,40090,KiMr24348,2,2
1788,40094,AmBe10969,3,3
1789,40134,AmBe10969,3,3
1790,40201,AkKi01375,3,3
1791,40214,AmBe10969,3,3
1792,40218,SoRu39442,0,0
1793,40276,SoRu37100,0,0
1794,40307,AmBe10969,3,3
1795,40313,AmBe10969,3,3
1796,40356,HaZa21660,1,1
1797,40370,AkRu05049,3,3
1798,40402,HaRu19351,1,1
1799,40414,AmBe10969,3,3
1800,40419,AkRu05049,3,3
1801,40425,AkHa00771,3,3
1802,40443,AmRu14691,2,10
1803,40551,AkRu05049,3,3
1804,40555,AkRu06836,1,1
1805,40620,SoMa33925,1,1
1806,40636,KiIs23898,3,3
1807,40645,SoRu34827,0,0
1808,40677,AkRu05049,3,3
1809,40688,AkRu08194,5,5
1810,40725,KiMr24656,1,1
1811,40752,SoRu37386,5,5
1812,40757,AkRu05049,3,3
1813,40768,AkRu08194,5,5
1814,40779,AkRu05049,3,3
1815,40788,AkRu05049,3,3
1816,40792,AkRu08194,5,5
1817,40811,AkRu05049,3,3
1818,40862,AkKi01145,9,9
1819,40873,AkRu08194,5,5
1820,40938,AkRu08194,5,5
1821,40958,AkRu08194,5,5
1822,40961,AkRu07928,3,3
1823,41071,AkRu08194,5,5
1824,41114,SoIl32905,9,9
1825,41120,AmAm09853,9,9
1826,41182,AkRu08194,5,5
1827,41191,AkHa00172,2,2
1828,41269,AmAm09806,9,9
1829,41291,HaRu17207,1,1
1830,41312,AmRu13074,9,9
1831,41421,AkRu05212,9,9
1832,41463,SoRu36863,0,0
1833,41480,AkKi01435,1,1
1834,41486,HaRu20728,1,1
1835,41487,SoRu36079,0,0
1836,41535,KiRu26765,3,3
1837,41542,KiIs23726,9,9
1838,41594,AmRu13777,9,9
1839,41661,AkRu03712,3,3
1840,41757,KiRu25343,1,1
1841,41818,SoBa31813,3,3
1842,41822,KiRu30518,3,3
1843,41884,HaDe16326,1,1
1844,41921,KiRu26177,2,2
1845,41957,KiRu30518,3,3
1846,41990,SoMa33819,0,0
1847,41999,KiRu27083,9,9
1848,42008,SoBa31681,1,1
1849,42024,KiRu30518,3,3
1850,42041,KiRu30518,3,3
1851,42050,SoRu36109,2,2
1852,42076,KiRu27806,0,0
1853,42077,SoRu36309,0,0
1854,42097,KiZu31076,3,3
1855,42102,SoIl32444,0,0
1856,42105,SoMa34196,9,9
1857,42143,KiRu30518,3,3
1858,42167,KiRu30518,3,3
1859,42213,AmPw12685,3,3
1860,42224,AmDa12115,1,1
1861,42265,KiRu30518,3,3
1862,42302,AmRu14364,2,10
1863,42305,AmRu13356,9,9
1864,42318,KiRu30518,3,3
1865,42320,KiRu30567,1,1
1866,42391,KiRu26696,1,1
1867,42437,KiIs23699,3,3
1868,42438,AkRu05411,0,0
1869,42454,AkRu05546,0,0
1870,42455,KiRu25882,2,2
1871,42468,AmRu13824,9,9
1872,42469,HaDe16514,1,1
1873,42496,KiRu29202,3,3
1874,42498,KiRu27180,6,6
1875,42504,KiIs23560,1,1
1876,42529,KiIs24061,2,2
1877,42546,AmRu15209,3,3
1878,42584,AkHa00670,9,9
1879,42588,SoRu38829,3,3
1880,42604,AmRu15209,3,3
1881,42632,AmRu15209,3,3
1882,42676,SoRu37920,0,0
1883,42678,KiRu28996,7,7
1884,42711,AmRu15209,3,3
1885,42742,AmRu15209,3,3
1886,42776,KiRu26448,3,3
1887,42817,KiRu26448,3,3
1888,42826,AkRu04566,0,0
1889,42834,AmRu15209,3,3
1890,42866,AkRu03164,3,3
1891,42880,AkRu03573,2,2
1892,42882,KiRu28031,0,0
1893,42900,AkRu06469,3,3
1894,42913,AkRu06460,2,2
1895,42918,AmRu15209,3,3
1896,42957,KiIs23493,9,9
1897,42963,KiRu26448,3,3
1898,42997,KiRu26448,3,3
1899,43014,AmAs10156,2,2
1900,43057,AmRu15209,3,3
1901,43078,KiRu26448,3,3
1902,43090,KiRu26448,3,3
1903,43140,KiHa22748,9,10
1904,43144,KiRu26448,3,3
1905,43164,AkRu07003,3,3
1906,43196,KiRu26448,3,3
1907,43208,KiIs24129,1,1
1908,43233,HaRu19320,2,2
1909,43236,KiMr24512,1,1
1910,43248,SoIl32516,2,2
1911,43257,HaRu20820,2,2
1912,43261,AmRu15262,0,0
1913,43275,SoMa34622,1,1
1914,43323,AmPw12293,6,6
1915,43336,HaRu20481,2,2
1916,43349,SoRu36087,6,6
1917,43362,AkRu04378,2,2
1918,43412,AkRu03848,3,10
1919,43418,HaDj16691,3,3
1920,43421,HaRu18016,1,1
1921,43436,AkRu03848,3,10
1922,43461,AkRu03848,3,10
1923,43473,AkRu03848,3,10
1924,43478,KiRu25985,1,1
1925,43524,SoRu36239,2,2
1926,43538,HaRu17072,9,9
1927,43545,AkRu07054,0,0
1928,43571,AkRu03848,3,10
1929,43586,HaRu20299,2,2
1930,43597,AkLu01812,3,3
1931,43651,SoIl33036,1,1
1932,43657,AkRu03848,3,10
1933,43711,AkRu03848,3,10
1934,43714,SoBa31832,1,1
1935,43750,AkKi01136,2,2
1936,43798,HaRu20840,3,3
1937,43828,SoRu36773,1,1
1938,43843,AkRu03848,3,10
1939,43873,HaRu20840,3,3
1940,43894,HaRu20840,3,3
1941,43914,HaRu20840,3,3
1942,43992,AkRu08152,2,2
1943,44026,AmRu13603,3,3
1944,44033,SoRu35654,7,7
1945,44051,SoRu35103,5,5
1946,44065,HaRu20840,3,3
1947,44096,KiRu27437,4,4
1948,44121,HaRu20840,3,3
1949,44127,KiRu26022,9,9
1950,44145,SoRu35103,5,5
1951,44163,HaRu17292,3,3
1952,44171,SoRu39496,2,2
1953,44178,SoRu35103,5,5
1954,44189,HaRu20840,3,3
1955,44211,KiRu27437,4,4
1956,44226,HaRu19845,7,7
1957,44237,SoRu35103,5,5
1958,44263,KiHa23086,3,3
1959,44278,HaRu20840,3,3
1960,44282,SoRu38535,0,10
1961,44301,HaRu17292,3,3
1962,44318,KiRu27437,4,4
1963,44326,HaRu17292,3,3
1964,44338,SoRu35103,5,5
1965,44344,KiRu27437,4,4
1966,44359,HaRu17292,3,3
1967,44369,KiRu27437,4,4
1968,44370,SoRu35103,5,5
1969,44377,HaRu17292,3,3
1970,44389,KiRu25811,1,1
1971,44394,SoRu35103,5,5
1972,44404,KiRu27437,4,4
1973,44405,HaDj16729,1,1
1974,44415,KiMr24879,1,1
1975,44432,AmAs10925,1,1
1976,44436,AmRu15113,3,3
1977,44449,KiMr25160,2,2
1978,44475,HaRu17292,3,3
1979,44502,KiRu27437,4,4
1980,44522,SoRu35103,5,5
1981,44537,HaSe21267,9,9
1982,44588,HaRu17292,3,3
1983,44607,KiRu27437,4,4
1984,44679,KiRu29968,2,2
1985,44700,AmDa11683,4,4
1986,44720,HaRu17292,3,3
1987,44726,AmAs10011,9,9
1988,44733,KiRu26934,2,2
1989,44742,KiRu28308,3,3
1990,44884,KiRu27251,3,3
1991,44892,KiMr24591,0,0
1992,44933,KiMr24460,2,2
1993,44940,SoRu37420,9,9
1994,44968,SoRu35689,0,0
1995,45008,KiRu29639,1,10
1996,45010,KiRu27251,3,3
1997,45029,KiRu29543,2,2
1998,45075,KiRu27251,3,3
1999,45092,AkRu08283,3,3
2000,45095,KiRu28051,3,3
2001,45141,KiIs23611,1,1
2002,45172,KiRu28051,3,3
2003,45182,KiAm22010,9,9
2004,45184,AkRu08192,2,2
2005,45192,AkRu04619,3,3
2006,45204,KiRu27251,3,3
2007,45236,KiZu31108,9,9
2008,45242,AmRu15494,3,3
2009,45247,KiAm22626,1,1
2010,45269,KiRu28051,3,3
2011,45296,KiRu27251,3,3
2012,45313,KiRu28051,3,3
2013,45316,AmRu15494,3,3
2014,45318,KiRu27251,3,3
2015,45330,KiRu28051,3,3
2016,45345,AmRu15494,3,3
2017,45348,KiRu27251,3,3
2018,45360,AmRu15494,3,3
2019,45372,KiMr24486,9,9
2020,45376,KiRu27251,3,3
2021,45392,KiRu28051,3,3
2022,45432,KiRu28051,3,3
2023,45446,HaRu17357,9,9
2024,45449,AmRu15494,3,3
2025,45465,HaRu20552,9,9
2026,45472,AmPw12680,3,3
2027,45474,AkRu04240,2,2
2028,45489,KiRu30052,2,2
2029,45532,AmRu15494,3,3
2030,45588,AmPw12680,3,3
2031,45591,KiRu28051,3,3
2032,45638,AkRu06409,3,3
2033,45653,AmPw12680,3,3
2034,45663,AmRu15494,3,3
2035,45701,SoRu38992,1,1
2036,45718,AkRu03380,3,3
2037,45730,AkRu06991,2,2
2038,45736,HaRu17951,3,3
2039,45743,AmRu15494,3,3
2040,45752,AmPw12680,3,3
2041,45753,SoKo33455,3,3
2042,45778,AmPw12680,3,3
2043,45798,AmPw12680,3,3
2044,45809,AmPw12680,3,3
2045,45820,KiZu31223,3,3
2046,45826,AmAs10935,3,3
2047,45848,AkRu05968,1,1
2048,45862,HaRu20497,3,3
2049,45876,AmAs10935,3,3
2050,45878,AmPw12680,3,3
2051,45900,AkRu08211,2,2
2052,45924,AkRu06495,2,10
2053,45947,KiZu31223,3,3
2054,45984,SoIl33047,2,2
2055,46000,AmRu13306,7,7
2056,46006,KiZu31223,3,3
2057,46016,KiRu25794,3,3
2058,46017,AmAs10935,3,3
2059,46018,AkRu05996,1,1
2060,46022,AkKi01158,3,3
2061,46052,AkLu02420,2,2
2062,46070,AmRu15860,1,1
2063,46074,AkRu07212,3,3
2064,46095,AmAs10935,3,3
2065,46098,AkKi01158,3,3
2066,46113,KiZu31223,3,3
2067,46133,SoRu38646,7,7
2068,46150,AmAs10935,3,3
2069,46151,AkKi01158,3,3
2070,46153,KiZu31223,3,3
2071,46222,KiZu31223,3,3
2072,46225,AmAs10935,3,3
2073,46227,AkKi01158,3,3
2074,46231,AkKi01158,3,3
2075,46238,AmAs10935,3,3
2076,46246,KiZu31223,3,3
2077,46251,KiZu31223,3,3
2078,46267,SoBa31759,3,3
2079,46280,AmRu13823,9,9
2080,46299,AkKi01158,3,3
2081,46311,AmAs10935,3,3
2082,46320,AkRu03641,2,2
2083,46365,AmAs10095,3,3
2084,46377,AkKi01158,3,3
2085,46378,AmRu15160,2,2
2086,46430,AkKi01158,3,3
2087,46501,AmBe11144,9,9
2088,46532,HaRu19485,1,1
2089,46546,AmBe11100,3,3
2090,46548,HaRu18372,2,2
2091,46551,AkRu03083,0,0
2092,46555,KiRu27384,2,2
2093,46572,KiRu28871,9,9
2094,46588,SoMa34472,0,0
2095,46624,AmBe11100,3,3
2096,46695,AmBe11100,3,3
2097,46728,AmBe11100,3,3
2098,46769,AmBe11100,3,3
2099,46802,AmRu14446,9,9
2100,46806,SoRu39304,0,0
2101,46842,AkRu05986,3,3
2102,46897,KiRu27440,9,9
2103,46900,AmBe11100,3,3
2104,46904,AmBe11100,3,3
2105,46929,KiRu29014,1,1
2106,46932,AkLu02096,3,3
2107,46993,SoRu36839,3,3
2108,47016,AmBe11100,3,3
2109,47055,AmRu14842,2,10
2110,47072,SoRu36839,3,3
2111,47091,KiRu28681,2,2
2112,47118,AkRu08480,2,2
2113,47128,AkLu01669,2,2
2114,47129,HaSe21212,3,3
2115,47166,SoRu36839,3,3
2116,47178,SoRu36839,3,3
2117,47222,SoRu36839,3,3
2118,47227,AmRu14245,9,10
2119,47252,KiHa22705,3,3
2120,47257,KiRu27828,1,1
2121,47284,SoRu36839,3,3
2122,47308,KiRu29851,3,3
2123,47317,KiRu29745,2,2
2124,47319,KiZu31015,3,3
2125,47342,SoRu35762,1,1
2126,47390,SoKo33339,3,3
2127,47417,SoRu36839,3,3
2128,47435,KiAm22183,2,2
2129,47448,AmRu14755,2,2
2130,47474,KiRu30640,2,10
2131,47475,KiMr25069,3,3
2132,47510,SoRu36839,3,3
2133,47529,SoRu39524,9,9
2134,47530,SoBa31598,3,3
2135,47577,KiMr24872,2,2
2136,47600,SoKo33149,1,1
2137,47667,AkRu05925,4,4
2138,47752,AkHa00453,3,3
2139,47792,AkRu05361,0,0
2140,47795,HaAm15901,2,2
2141,47831,AmPw12480,5,10
2142,47860,HaSe20889,3,3
2143,47871,AmPw12480,5,10
2144,47908,AmRu14615,3,3
2145,47910,HaSe21097,9,9
2146,47919,HaSe21173,3,3
2147,47958,KiRu29042,1,1
2148,48013,AmPw12480,5,10
2149,48018,AmPw12480,5,10
2150,48028,AkRu07956,2,2
2151,48096,AmPw12480,5,10
2152,48112,AmPw12480,5,10
2153,48137,SoCh32105,0,0
2154,48151,AkRu03158,9,9
2155,48180,KiIs23489,9,9
2156,48213,AmPw12480,5,10
2157,48217,AmPw12480,5,10
2158,48225,AkRu03909,6,6
2159,48270,KiRu30244,1,1
2160,48332,AkRu04314,0,0
2161,48362,AkHa00779,3,3
2162,48468,AmRu15793,2,2
2163,48470,KiHa23146,7,7
2164,48473,AkLu02382,9,9
2165,48496,HaRu17450,1,1
2166,48621,KiHa23217,2,2
2167,48622,HaSe21168,3,3
2168,48699,KiRu28515,2,2
2169,48832,KiRu25619,3,3
2170,48834,HaRu18672,2,2
2171,48856,SoRu34876,3,3
2172,48857,KiRu26909,3,3
2173,48872,SoRu34876,3,3
2174,48940,KiRu27827,2,2
2175,48944,SoRu34876,3,3
2176,48966,SoRu34876,3,3
2177,48977,SoRu34876,3,3
2178,48993,KiZu31050,2,2
2179,48994,AmAs10704,9,9
2180,49033,AkRu03973,3,10
2181,49055,SoRu34876,3,3
2182,49061,AkRu04779,0,0
2183,49077,KiRu26810,3,3
2184,49082,KiZu30932,9,10
2185,49123,AkRu03866,3,3
2186,49144,SoRu34876,3,3
2187,49145,SoRu35991,3,3
2188,49170,KiRu26810,3,3
2189,49181,SoRu36690,9,9
2190,49221,AmAm09674,9,9
2191,49222,SoRu34876,3,3
2192,49250,KiRu26810,3,3
2193,49333,KiRu26810,3,3
2194,49354,KiRu26810,3,3
2195,49382,KiRu26810,3,3
2196,49395,AkRu03119,3,3
2197,49423,AmPw12524,0,0
2198,49436,SoRu39421,2,2
2199,49442,AkRu07599,7,7
2200,49443,AkRu02789,2,10
2201,49446,KiRu26810,3,3
2202,49481,KiRu26810,3,3
2203,49503,AkRu03119,3,3
2204,49531,SoRu38080,3,3
2205,49534,AkKi01372,3,3
2206,49554,KiRu30027,1,1
2207,49582,HaRu19337,2,2
2208,49585,AkRu03119,3,3
2209,49597,SoRu38080,3,3
2210,49607,SoRu38416,3,3
2211,49615,AkKi01372,3,3
2212,49625,SoRu38416,3,3
2213,49628,AkKi01372,3,3
2214,49644,AkRu03119,3,3
2215,49673,HaRu18692,3,3
2216,49700,AmRu13614,3,3
2217,49705,KiRu25784,3,3
2218,49711,SoRu38080,3,3
2219,49714,AkKi01372,3,3
2220,49729,AkRu03119,3,3
2221,49734,KiRu30168,1,1
2222,49760,AmRu13614,3,3
2223,49771,AkRu05102,3,3
2224,49777,KiRu29008,2,2
2225,49787,SoRu35970,3,3
2226,49788,SoRu38080,3,3
2227,49798,SoRu38416,3,3
2228,49801,AkRu03119,3,3
2229,49802,AmRu13614,3,3
2230,49817,SoRu38416,3,3
2231,49818,SoRu38080,3,3
2232,49819,AkKi01372,3,3
2233,49826,SoRu38080,3,3
2234,49835,AmRu13614,3,3
2235,49837,AkKi01372,3,3
2236,49838,AkRu03119,3,3
2237,49850,SoRu38416,3,3
2238,49852,AkKi01372,3,3
2239,49853,AkRu03119,3,3
2240,49869,SoRu38416,3,3
2241,49901,AmRu13614,3,3
2242,49914,SoRu38080,3,3
2243,49922,AmRu13614,3,3
2244,49947,AkKi01372,3,3
2245,49957,SoRu38080,3,3
2246,49977,SoRu38416,3,3
2247,50004,AkRu07195,3,3
2248,50008,AkHa00509,3,3
2249,50024,KiRu28181,1,1
2250,50029,AmRu13614,3,3
2251,50037,SoRu38416,3,3
2252,50054,SoRu39481,9,9
2253,50074,AmRu13614,3,3
2254,50091,SoRu35878,4,4
2255,50159,SoRu38872,0,0
2256,50166,HaRu20053,1,1
2257,50182,SoRu38633,2,2
2258,50217,AmAb08995,9,9
2259,50239,AmPw12272,9,10
2260,50252,AkRu07358,3,3
2261,50300,SoMa34148,2,2
2262,50309,AkRu07237,3,3
2263,50332,AmRu15745,3,3
2264,50347,SoRu37317,2,2
2265,50365,AmAs10932,9,9
2266,50401,HaRu18819,2,2
2267,50500,KiRu26907,2,2
2268,50505,SoRu37925,3,3
2269,50680,SoMa34194,9,9
2270,50706,KiRu27782,3,3
2271,50724,AmAm09344,9,9
2272,50727,HaRu19773,9,9
2273,50732,KiAm22079,9,9
2274,50794,KiRu29205,5,5
2275,50884,KiRu29205,5,5
2276,50907,SoRu36472,0,0
2277,50918,AkRu07426,3,10
2278,50964,AmRu15121,3,3
2279,50971,KiRu29205,5,5
2280,50972,KiRu29205,5,5
2281,50979,AkRu07426,3,10
2282,51002,KiRu29205,5,5
2283,51006,AkRu07426,3,10
2284,51033,KiRu29205,5,5
2285,51066,AmAb09153,6,6
2286,51075,KiRu30343,2,10
2287,51092,HaRu18669,1,1
2288,51099,AkRu07426,3,10
2289,51110,AkRu07426,3,10
2290,51116,KiRu29205,5,5
2291,51120,AkRu06874,4,4
2292,51135,SoRu35044,0,0
2293,51143,AmAm09733,9,9
2294,51172,SoRu37005,0,0
2295,51180,AkRu07426,3,10
2296,51245,KiRu30321,2,2
2297,51250,KiRu29205,5,5
2298,51298,AkRu03111,3,3
2299,51343,AkRu07426,3,10
2300,51345,AkRu07426,3,10
2301,51357,AkRu08808,6,6
2302,51366,KiRu28450,1,1
2303,51372,HaRu20772,1,1
2304,51390,SoRu36884,0,0
2305,51404,AkRu04644,3,3
2306,51414,AkRu04644,3,3
2307,51429,AkRu04644,3,3
2308,51441,AkRu04644,3,3
2309,51450,AmRu13271,9,9
2310,51451,HaRu19164,1,1
2311,51500,AkRu04129,3,3
2312,51526,KiRu26207,9,9
2313,51549,AkRu04644,3,3
2314,51552,KiRu27252,2,2
2315,51573,KiRu29614,1,1
2316,51588,KiRu27445,0,0
2317,51603,KiMr25202,3,3
2318,51627,AkHa00421,3,3
2319,51649,KiRu28994,3,3
2320,51654,AkRu04644,3,3
2321,51675,KiRu28994,3,3
2322,51694,AkRu06232,2,2
2323,51704,KiAm21971,1,1
2324,51718,AkKi01390,3,3
2325,51723,AkRu04644,3,3
2326,51742,SoCh32218,9,9
2327,51762,KiRu28994,3,3
2328,51823,HaRu18196,1,1
2329,51837,AkRu04644,3,3
2330,51843,KiRu28994,3,3
2331,51871,KiRu28994,3,3
2332,51906,KiHa22987,2,2
2333,51917,HaRu18118,9,9
2334,51946,KiRu28994,3,3
2335,52034,KiRu28994,3,3
2336,52079,KiRu28994,3,3
2337,52082,AkHa00662,2,2
2338,52107,KiRu30328,0,0
2339,52145,SoKo33450,2,2
2340,52209,AmRu12830,9,9
2341,52228,KiRu25740,1,1
2342,52324,AkLu01620,3,3
2343,52348,AkRu03265,3,3
2344,52429,HaDj16824,1,10
2345,52505,KiIs23570,2,2
2346,52557,AkKi00901,9,9
2347,52651,KiRu27530,1,1
2348,52668,HaRu19036,2,2
2349,52670,AkRu05543,3,3
2350,52713,KiRu28584,1,1
2351,52746,AkRu05543,3,3
2352,52779,AkRu05543,3,3
2353,52815,SoRu37929,0,0
2354,52839,KiRu26412,0,0
2355,52854,AmRu15671,0,0
2356,52866,AkRu05543,3,3
2357,52875,AkRu05543,3,3
2358,52882,KiRu29794,3,3
2359,52912,KiHa23098,9,9
2360,52972,AkRu05543,3,3
2361,52998,AkRu04426,2,2
2362,53064,SoRu39299,1,1
2363,53113,AkRu07748,2,2
2364,53149,AkRu05543,3,3
2365,53182,AkRu04116,3,10
2366,53257,AkRu05543,3,3
2367,53419,HaRu17965,3,3
2368,53445,HaRu17965,3,3
2369,53480,AkRu07109,6,6
2370,53500,SoRu37892,0,0
2371,53502,AmBe11043,3,3
2372,53541,HaAm16281,2,2
2373,53545,AmBe11043,3,3
2374,53592,HaRu17965,3,3
2375,53616,AmBe11043,3,3
2376,53648,HaRu17965,3,3
2377,53679,KiRu28193,4,4
2378,53701,HaRu17965,3,3
2379,53713,AkRu05207,3,3
2380,53715,KiHa23172,1,1
2381,53726,KiRu28198,0,0
2382,53737,AmBe11043,3,3
2383,53738,AkRu05799,3,3
2384,53772,AmRu14595,3,3
2385,53795,AmBe11043,3,3
2386,53800,AkRu05207,3,3
2387,53807,HaRu17965,3,3
2388,53818,AmBe11043,3,3
2389,53823,HaRu17965,3,3
2390,53824,AkRu05207,3,3
2391,53855,HaDe16549,9,9
2392,53881,KiZu31024,0,0
2393,53893,HaRu17965,3,3
2394,53914,AkRu05207,3,3
2395,53916,AmBe11043,3,3
2396,53928,AkRu05207,3,3
2397,53939,AmBe11043,3,3
2398,53947,HaRu19917,9,9
2399,53957,AmRu13947,1,1
2400,53977,AmAs10732,0,0
2401,53988,KiAm22279,3,3
2402,54032,KiRu28400,5,5
2403,54036,AkRu05207,3,3
2404,54039,KiAm22279,3,3
2405,54055,KiRu26297,2,2
2406,54070,KiAm22279,3,3
2407,54102,HaAm16007,2,2
2408,54157,AkRu05207,3,3
2409,54160,AkRu05207,3,3
2410,54207,KiAm22279,3,3
2411,54217,HaRu17286,2,2
2412,54220,KiRu30351,9,9
2413,54228,AkRu07750,3,3
2414,54229,HaRu17358,2,2
2415,54230,AmRu14758,9,9
2416,54231,AmRu14220,3,3
2417,54256,KiAm22279,3,3
2418,54283,KiAm22279,3,3
2419,54304,AmAm09821,0,0
2420,54316,KiAm22279,3,3
2421,54357,KiHa23324,1,1
2422,54414,HaYa21606,3,3
2423,54439,KiAm22279,3,3
2424,54483,AkRu05603,3,3
2425,54514,AkRu06794,2,2
2426,54532,AkRu03485,2,2
2427,54560,KiRu25347,2,10
2428,54574,AmRu14903,9,9
2429,54593,AmDa12211,3,3
2430,54666,HaRu19287,5,5
2431,54673,AmDa12211,3,3
2432,54686,HaRu19287,5,5
2433,54694,AmDa12211,3,3
2434,54700,HaRu19287,5,5
2435,54703,AmDa12211,3,3
2436,54724,HaRu19287,5,5
2437,54735,KiMr24651,3,3
2438,54753,SoIl32539,2,2
2439,54779,HaSe21224,3,3
2440,54790,AmDa12211,3,3
2441,54796,AmDa12211,3,3
2442,54848,AmPw12403,3,3
2443,54871,AmAm09730,9,9
2444,54884,HaRu19287,5,5
2445,54889,AmPw12403,3,3
2446,54896,SoRu36385,2,2
2447,54897,HaRu19287,5,5
2448,54900,KiHa23042,1,1
2449,54911,AmDa12211,3,3
2450,54914,AmAb09118,2,2
2451,54924,SoRu35584,2,2
2452,54929,AkRu08212,2,2
2453,54955,SoRu35094,9,9
2454,54983,HaRu19287,5,5
2455,55013,HaRu19495,3,3
2456,55017,SoRu35939,1,1
2457,55039,AmDa12211,3,3
2458,55041,SoRu38134,6,6
2459,55045,AmPw12403,3,3
2460,55050,AmPw12403,3,3
2461,55053,HaRu19287,5,5
2462,55066,SoCh32134,9,9
2463,55067,AmAm09607,9,10
2464,55072,HaRu20816,1,1
2465,55077,HaRu17590,9,9
2466,55091,HaRu20693,1,1
2467,55127,AkRu06089,2,2
2468,55144,AmPw12403,3,3
2469,55177,AmPw12403,3,3
2470,55212,AmPw12403,3,3
2471,55224,AkRu03660,3,3
2472,55253,AkRu04448,3,3
2473,55255,HaAm16293,3,3
2474,55271,AmRu13226,9,10
2475,55305,AmPw12403,3,3
2476,55321,AkRu08391,5,5
2477,55330,HaDj16704,3,3
2478,55357,AkRu08391,5,5
2479,55378,AmAs10689,3,3
2480,55400,SoRu38062,0,0
2481,55423,AkRu08391,5,5
2482,55442,SoRu38392,0,0
2483,55457,KiIs23579,2,2
2484,55481,SoRu38840,9,9
2485,55536,AkRu08391,5,5
2486,55550,AmRu15515,2,2
2487,55571,AkRu08391,5,5
2488,55592,AkRu08391,5,5
2489,55607,AkRu08391,5,5
2490,55624,SoRu37530,0,0
2491,55626,HaRu19826,9,9
2492,55628,AkRu03770,7,7
2493,55644,KiRu26657,9,9
2494,55696,AkRu08820,3,3
2495,55739,AkRu08391,5,5
2496,55745,AkLu02568,1,1
2497,55794,KiRu26688,2,10
2498,55796,KiIs23853,2,10
2499,55804,KiAm22340,2,2
2500,55820,KiRu26539,2,2
2501,55834,SoMa34026,9,9
2502,55838,KiRu29866,1,1
2503,55851,SoMa34631,2,2
2504,55863,HaRu17750,2,2
2505,55881,HaRu17273,1,1
2506,55908,AmAm09546,9,9
2507,55911,SoRu36282,2,2
2508,55949,HaRu19621,3,10
2509,55958,AkRu04753,9,9
2510,55966,KiAm22216,2,2
2511,56000,HaRu18571,2,2
2512,56131,HaRu20155,0,0
2513,56150,SoBa31693,2,2
2514,56167,SoRu35346,3,3
2515,56179,AkRu04781,2,2
2516,56262,AmRu15248,9,9
2517,56276,AkRu08666,6,6
2518,56307,HaRu17918,3,3
2519,56325,KiAm22303,9,9
2520,56353,HaRu20851,9,9
2521,56397,SoRu35119,2,2
2522,56405,HaRu17171,3,3
2523,56435,AkRu03657,2,2
2524,56438,SoRu38122,9,9
2525,56452,KiMr24938,3,3
2526,56526,AkLu02432,2,2
2527,56602,KiRu28827,1,1
2528,56646,KiRu27348,1,1
2529,56663,AkLu02008,0,0
2530,56703,AkRu06323,9,9
2531,56705,SoKo33173,3,3
2532,56708,AkRu07038,4,4
2533,56724,AkHa00168,9,9
2534,56781,KiMr24338,1,1
2535,56796,HaDj16752,1,1
2536,56856,AmAm09510,9,9
2537,56862,SoRu39390,2,2
2538,56898,SoKo33333,2,10
2539,56904,SoMa33577,9,9
2540,56912,KiIs23983,1,1
2541,57001,HaSe20888,9,10
2542,57038,KiZu30847,9,10
2543,57050,AkKi01456,9,9
2544,57128,AkRu07105,2,2
2545,57194,AkRu04500,1,1
2546,57200,HaRu20314,0,0
2547,57218,SoRu36816,3,3
2548,57292,SoRu36496,1,1
2549,57310,SoRu34889,0,0
2550,57332,KiRu29105,3,3
2551,57339,KiRu28673,1,1
2552,57359,AkLu02110,1,1
2553,57453,AkRu03507,2,2
2554,57469,AmAs10324,9,9
2555,57491,SoRu38150,9,9
2556,57517,AkRu08658,0,0
2557,57532,AmRu15194,2,2
2558,57585,KiMr24677,1,1
2559,57671,AkRu03076,3,3
2560,57679,HaRu18427,1,1
2561,57702,AkRu08500,3,3
2562,57704,AmRu13720,3,3
2563,57729,KiIs23860,2,2
2564,57735,AmRu13433,9,10
2565,57788,AkHa00008,3,3
2566,57820,AmPw12770,3,3
2567,57829,AmRu13720,3,3
2568,57844,AmRu13720,3,3
2569,57849,AmRu13720,3,3
2570,57870,AmRu13720,3,3
2571,57922,AmRu13533,2,2
2572,57949,SoIl32627,3,3
2573,57968,AmRu13720,3,3
2574,57997,KiMr24455,0,0
2575,58003,AmBe11088,5,5
2576,58032,AmBe11088,5,5
2577,58049,HaRu18836,9,9
2578,58054,SoRu36492,0,0
2579,58060,KiMr24308,3,3
2580,58102,KiMr25005,0,0
2581,58108,AmRu13720,3,3
2582,58111,AmBe11088,5,5
2583,58139,SoIl32294,0,0
2584,58154,AkHa00558,2,2
2585,58163,AmRu13720,3,3
2586,58184,AkRu05095,2,2
2587,58224,SoCh32020,9,9
2588,58235,KiMr24341,9,9
2589,58243,KiZu31286,5,5
2590,58254,KiRu28420,1,1
2591,58262,AkLu01920,9,9
2592,58281,AmBe11088,5,5
2593,58297,KiZu31286,5,5
2594,58303,AmBe11088,5,5
2595,58313,AmBe11088,5,5
2596,58317,KiZu31286,5,5
2597,58330,KiZu31286,5,5
2598,58345,AmRu13830,3,3
2599,58349,AmBe11088,5,5
2600,58383,HaSe20876,2,2
2601,58386,HaRu18217,1,1
2602,58418,AmRu13830,3,3
2603,58443,AmBe11088,5,5
2604,58456,SoRu35067,0,0
2605,58460,HaRu17145,1,1
2606,58472,HaRu18849,9,9
2607,58476,KiZu31286,5,5
2608,58524,KiMr25156,0,0
2609,58542,KiZu31286,5,5
2610,58565,AmRu13830,3,3
2611,58567,KiZu31286,5,5
2612,58580,AmRu13830,3,3
2613,58588,AmRu15096,9,9
2614,58643,SoRu35964,2,2
2615,58657,KiZu31286,5,5
2616,58667,KiMr25066,2,2
2617,58683,AmRu13830,3,3
2618,58715,AmRu13830,3,3
2619,58732,AmRu13830,3,3
2620,58779,AmRu13830,3,3
2621,58809,KiRu28782,3,3
2622,58857,KiAm22311,3,3
2623,58859,KiRu28782,3,3
2624,58866,AkKi01267,9,10
2625,58878,KiAm22423,9,9
2626,58887,KiRu25555,2,2
2627,58968,KiRu28782,3,3
2628,59030,KiRu28782,3,3
2629,59055,KiRu25894,1,1
2630,59062,KiRu28782,3,3
2631,59065,SoIl32892,0,0
2632,59100,KiRu28451,1,1
2633,59120,KiRu28782,3,3
2634,59155,KiRu28782,3,3
2635,59182,KiIs23730,3,3
2636,59190,KiRu26549,3,3
2637,59198,KiZu30898,3,3
2638,59212,AkRu03095,3,3
2639,59242,KiRu28782,3,3
2640,59250,KiZu30898,3,3
2641,59251,KiRu26549,3,3
2642,59265,AkRu06609,3,3
2643,59292,SoMa34599,0,0
2644,59314,KiRu26128,9,9
2645,59319,KiIs23730,3,3
2646,59320,HaDe16418,2,2
2647,59324,HaSe21341,3,3
2648,59335,AkRu03095,3,3
2649,59343,AkRu06395,2,2
2650,59367,AkRu08112,3,3
2651,59370,SoCh32045,1,1
2652,59375,KiZu30898,3,3
2653,59382,KiRu26549,3,3
2654,59410,AmRu13259,9,9
2655,59413,KiIs23730,3,3
2656,59414,AkRu03095,3,3
2657,59428,KiZu30898,3,3
2658,59431,AkRu03095,3,3
2659,59440,KiIs23730,3,3
2660,59467,KiRu26549,3,3
2661,59503,KiZu30898,3,3
2662,59516,AkRu03095,3,3
2663,59573,KiRu26549,3,3
2664,59585,KiIs23730,3,3
2665,59594,KiRu26549,3,3
2666,59600,KiIs23730,3,3
2667,59601,AkRu03095,3,3
2668,59607,KiZu30898,3,3
2669,59615,KiRu26549,3,3
2670,59618,KiZu30898,3,3
2671,59629,AkRu03095,3,3
2672,59630,KiIs23730,3,3
2673,59638,AkRu03095,3,3
2674,59640,SoRu37524,3,10
2675,59646,KiRu26549,3,3
2676,59649,SoKo33426,1,1
2677,59659,KiIs23730,3,3
2678,59671,HaRu18927,0,0
2679,59694,SoRu36982,9,9
2680,59708,KiZu30898,3,3
2681,59724,AkRu05442,3,3
2682,59743,AmPw12305,9,9
2683,59776,AkRu08460,2,2
2684,59790,AmPw12413,5,5
2685,59814,SoRu36586,1,1
2686,59821,SoRu35327,1,1
2687,59838,AkRu02883,0,0
2688,59885,SoRu38018,0,0
2689,59926,KiAm22039,3,3
2690,59934,SoRu35581,2,2
2691,59978,AmRu13368,3,3
2692,60007,KiAm22039,3,3
2693,60032,KiAm22039,3,3
2694,60062,KiAm22039,3,3
2695,60089,KiAm22039,3,3
2696,60112,KiAm22039,3,3
2697,60118,KiAm22039,3,3
2698,60138,KiAm22039,3,3
