record_id,location_id,auditor_score,surveyor_score
5185,SoRu34980,1,1
59367,AkRu08112,3,3
37379,AkLu02044,0,0
51627,AkHa00421,3,3
28758,SoRu35221,0,0
31048,HaAm16170,1,1
1513,AkRu04812,3,3
1218,AkRu08304,3,3
8322,AkRu05107,2,2
21160,AkRu05215,3,10
13070,HaDe16541,2,2
54220,KiRu30351,9,9
191,AmAm09813,4,4
51172,SoRu37005,0,0
21010,KiRu26067,3,3
21098,KiRu26067,3,3
21162,KiRu26067,3,3
21254,KiRu26067,3,3
21281,KiRu26067,3,3
21315,KiRu26067,3,3
21403,KiRu26067,3,3
21476,KiRu26067,3,3
40276,SoRu37100,0,0
38071,AmDa11611,1,1
7938,KiRu29290,3,10
8076,KiRu29290,3,10
8108,KiRu29290,3,10
8168,KiRu29290,3,10
8261,KiRu29290,3,10
8277,KiRu29290,3,10
8360,KiRu29290,3,10
8386,KiRu29290,3,10
25278,AkRu07801,3,3
25371,AkRu07801,3,3
25405,AkRu07801,3,3
25432,AkRu07801,3,3
25461,AkRu07801,3,3
25520,AkRu07801,3,3
25667,AkRu07801,3,3
25691,AkRu07801,3,3
47319,KiZu31015,3,3
2942,KiIs24026,2,2
47118,AkRu08480,2,2
53502,AmBe11043,3,3
53545,AmBe11043,3,3
53616,AmBe11043,3,3
53737,AmBe11043,3,3
53795,AmBe11043,3,3
53818,AmBe11043,3,3
53916,AmBe11043,3,3
53939,AmBe11043,3,3
31092,AmRu13718,9,9
42546,AmRu15209,3,3
42604,AmRu15209,3,3
42632,AmRu15209,3,3
42711,AmRu15209,3,3
42742,AmRu15209,3,3
42834,AmRu15209,3,3
42918,AmRu15209,3,3
43057,AmRu15209,3,3
25748,SoRu37428,3,3
25798,SoRu37428,3,3
25854,SoRu37428,3,3
25860,SoRu37428,3,3
25888,SoRu37428,3,3
25988,SoRu37428,3,3
26070,SoRu37428,3,3
26199,SoRu37428,3,3
30989,SoRu34787,2,2
36239,AkRu03204,3,3
4657,SoMa34137,3,3
17601,SoRu38874,3,3
17627,SoRu38874,3,3
17650,SoRu38874,3,3
17661,SoRu38874,3,3
17805,SoRu38874,3,3
17810,SoRu38874,3,3
17897,SoRu38874,3,3
17987,SoRu38874,3,3
9219,KiMr24320,2,2
42913,AkRu06460,2,2
43140,KiHa22748,9,10
57339,KiRu28673,1,1
25090,AkHa00193,9,9
53977,AmAs10732,0,0
2193,KiRu27585,3,3
23766,AkRu03541,2,2
55253,AkRu04448,3,3
56131,HaRu20155,0,0
3820,AmAm09990,5,5
3830,AmAm09990,5,5
3923,AmAm09990,5,5
4034,AmAm09990,5,5
4072,AmAm09990,5,5
4150,AmAm09990,5,5
4176,AmAm09990,5,5
4263,AmAm09990,5,5
53881,KiZu31024,0,0
2825,SoIl32392,3,3
2902,SoIl32392,3,3
2973,SoIl32392,3,3
3118,SoIl32392,3,3
3181,SoIl32392,3,3
3201,SoIl32392,3,3
3216,SoIl32392,3,3
3232,SoIl32392,3,3
13821,SoRu38699,3,3
50732,KiAm22079,9,9
27240,KiRu26316,3,3
27307,KiRu26316,3,3
27418,KiRu26316,3,3
27482,KiRu26316,3,3
27569,KiRu26316,3,3
27645,KiRu26316,3,3
27670,KiRu26316,3,3
27769,KiRu26316,3,3
57050,AkKi01456,9,9
43992,AkRu08152,2,2
18928,KiRu27444,7,7
55091,HaRu20693,1,1
8803,AkRu04981,3,3
14177,KiRu28580,1,1
25914,KiRu30008,1,1
55851,SoMa34631,2,2
31236,SoKo33227,1,1
23398,AmRu14465,3,3
23526,AmRu14465,3,3
23541,AmRu14465,3,3
23577,AmRu14465,3,3
23666,AmRu14465,3,3
23748,AmRu14465,3,3
23794,AmRu14465,3,3
23848,AmRu14465,3,3
57788,AkHa00008,3,3
55626,HaRu19826,9,9
23857,AmDa11947,1,1
45472,AmPw12680,3,3
45588,AmPw12680,3,3
45653,AmPw12680,3,3
45752,AmPw12680,3,3
45778,AmPw12680,3,3
45798,AmPw12680,3,3
45809,AmPw12680,3,3
45878,AmPw12680,3,3
18495,SoRu37841,6,10
33931,KiRu27884,1,10
42469,HaDe16514,1,1
44892,KiMr24591,0,0
36889,KiIs24014,1,1
22404,AkRu07523,3,3
17950,KiZu31170,9,10
55958,AkRu04753,9,9
35173,SoRu36774,2,2
43524,SoRu36239,2,2
23770,KiRu27776,3,3
23881,KiRu27776,3,3
23970,KiRu27776,3,3
24020,KiRu27776,3,3
24065,KiRu27776,3,3
24089,KiRu27776,3,3
24159,KiRu27776,3,3
24268,KiRu27776,3,3
42866,AkRu03164,3,3
8004,AkRu05809,2,2
32143,KiRu28632,5,5
32283,KiRu28632,5,5
32304,KiRu28632,5,5
32342,KiRu28632,5,5
32431,KiRu28632,5,5
32486,KiRu28632,5,5
32577,KiRu28632,5,5
32667,KiRu28632,5,5
17755,KiRu30389,4,4
40201,AkKi01375,3,3
55624,SoRu37530,0,0
23719,AmBe10959,4,4
25621,HaRu19828,2,2
32992,SoIl32999,2,2
56000,HaRu18571,2,2
56276,AkRu08666,6,6
29135,AkRu03306,7,7
132,AkRu08936,3,3
59324,HaSe21341,3,3
59821,SoRu35327,1,1
54574,AmRu14903,9,9
10635,AmAb09101,6,6
15269,KiAm22276,0,0
18740,HaRu20617,1,1
36864,KiZu31370,3,10
58386,HaRu18217,1,1
35488,KiRu29806,9,9
25822,KiRu28057,1,1
16253,AkRu06170,3,3
45718,AkRu03380,3,3
17842,KiRu26678,2,2
23182,AmBe10942,9,9
59182,KiIs23730,3,3
59319,KiIs23730,3,3
59413,KiIs23730,3,3
59440,KiIs23730,3,3
59585,KiIs23730,3,3
59600,KiIs23730,3,3
59630,KiIs23730,3,3
59659,KiIs23730,3,3
39514,KiHa23034,3,3
45924,AkRu06495,2,10
30524,HaRu17528,1,10
493,KiRu28090,6,6
12421,AmRu13729,2,2
43421,HaRu18016,1,1
46897,KiRu27440,9,9
54414,HaYa21606,3,3
41291,HaRu17207,1,1
19578,AmAm09735,1,1
36976,HaRu20534,2,2
13192,SoRu38331,3,10
13282,SoRu38331,3,10
13379,SoRu38331,3,10
13382,SoRu38331,3,10
13475,SoRu38331,3,10
13496,SoRu38331,3,10
13521,SoRu38331,3,10
13607,SoRu38331,3,10
57820,AmPw12770,3,3
46932,AkLu02096,3,3
26351,HaRu20434,2,2
28038,AkRu02688,0,0
30594,AmBe11285,9,9
57704,AmRu13720,3,3
57829,AmRu13720,3,3
57844,AmRu13720,3,3
57849,AmRu13720,3,3
57870,AmRu13720,3,3
57968,AmRu13720,3,3
58108,AmRu13720,3,3
58163,AmRu13720,3,3
41990,SoMa33819,0,0
32719,SoRu38119,1,1
34259,AmRu12983,3,3
23263,SoRu35906,5,5
23333,SoRu35906,5,5
23420,SoRu35906,5,5
23532,SoRu35906,5,5
23546,SoRu35906,5,5
23587,SoRu35906,5,5
23677,SoRu35906,5,5
23693,SoRu35906,5,5
20199,KiRu27742,3,3
49145,SoRu35991,3,3
28642,KiRu28083,4,4
3238,AmRu15159,9,9
31258,HaYa21456,2,2
9967,HaRu18734,2,2
49787,SoRu35970,3,3
35054,AmAs10285,3,3
35109,AmAs10285,3,3
35135,AmAs10285,3,3
35257,AmAs10285,3,3
35277,AmAs10285,3,3
35454,AmAs10285,3,3
35462,AmAs10285,3,3
35578,AmAs10285,3,3
15461,AmRu15556,9,10
45820,KiZu31223,3,3
45947,KiZu31223,3,3
46006,KiZu31223,3,3
46113,KiZu31223,3,3
46153,KiZu31223,3,3
46222,KiZu31223,3,3
46246,KiZu31223,3,3
46251,KiZu31223,3,3
31987,SoRu38546,9,9
43323,AmPw12293,6,6
778,SoRu39488,3,3
889,SoRu39488,3,3
902,SoRu39488,3,3
927,SoRu39488,3,3
984,SoRu39488,3,3
1043,SoRu39488,3,3
1178,SoRu39488,3,3
1199,SoRu39488,3,3
9997,SoRu39408,5,5
10080,SoRu39408,5,5
10156,SoRu39408,5,5
10194,SoRu39408,5,5
10197,SoRu39408,5,5
10298,SoRu39408,5,5
10444,SoRu39408,5,5
10496,SoRu39408,5,5
55863,HaRu17750,2,2
55067,AmAm09607,9,10
38650,KiRu30604,0,0
38879,KiZu30905,9,9
12919,SoRu39374,9,9
29407,AkHa00314,9,10
36882,SoRu37406,2,2
41421,AkRu05212,9,9
58139,SoIl32294,0,0
12271,AmBe11313,0,0
12319,SoRu35426,3,3
13554,AkHa00073,3,3
10054,SoRu35899,9,9
30561,KiRu26664,2,2
15465,SoRu36580,3,3
15591,SoRu36580,3,3
15594,SoRu36580,3,3
15682,SoRu36580,3,3
15764,SoRu36580,3,3
15815,SoRu36580,3,3
15846,SoRu36580,3,3
15996,SoRu36580,3,3
28874,KiRu26598,9,10
56526,AkLu02432,2,2
54666,HaRu19287,5,5
54686,HaRu19287,5,5
54700,HaRu19287,5,5
54724,HaRu19287,5,5
54884,HaRu19287,5,5
54897,HaRu19287,5,5
54983,HaRu19287,5,5
55053,HaRu19287,5,5
26133,SoRu38915,1,1
12342,KiRu26032,0,0
48832,KiRu25619,3,3
55796,KiIs23853,2,10
41191,AkHa00172,2,2
33105,KiRu27927,3,3
16862,KiRu28045,2,2
51573,KiRu29614,1,1
20447,KiRu25484,1,1
34369,AkRu04989,1,1
16750,AkKi01455,3,3
16781,AkKi01455,3,3
16787,AkKi01455,3,3
16887,AkKi01455,3,3
16967,AkKi01455,3,3
17025,AkKi01455,3,3
17124,AkKi01455,3,3
17139,AkKi01455,3,3
45984,SoIl33047,2,2
14252,SoCh32025,0,0
9134,KiRu28089,0,0
18841,AkRu07622,2,2
28639,KiRu29909,1,1
6032,AmBe11266,9,9
33630,AkRu03475,1,10
44733,KiRu26934,2,2
13341,SoRu35691,5,5
13440,SoRu35691,5,5
13482,SoRu35691,5,5
13504,SoRu35691,5,5
13549,SoRu35691,5,5
13591,SoRu35691,5,5
13742,SoRu35691,5,5
13810,SoRu35691,5,5
50300,SoMa34148,2,2
46070,AmRu15860,1,1
26141,SoRu38125,5,5
26252,SoRu38125,5,5
26300,SoRu38125,5,5
26322,SoRu38125,5,5
26358,SoRu38125,5,5
26410,SoRu38125,5,5
26502,SoRu38125,5,5
26634,SoRu38125,5,5
13812,AkLu02637,9,9
28404,KiIs24083,2,10
28362,SoRu35824,1,1
42076,KiRu27806,0,0
13651,AkRu03182,3,3
12774,AkHa00088,1,1
5668,SoRu36828,2,2
24429,AkLu02438,9,9
21140,SoRu38250,6,6
20924,AkHa00613,3,3
58102,KiMr25005,0,0
9203,AkRu04428,3,3
44051,SoRu35103,5,5
44145,SoRu35103,5,5
44178,SoRu35103,5,5
44237,SoRu35103,5,5
44338,SoRu35103,5,5
44370,SoRu35103,5,5
44394,SoRu35103,5,5
44522,SoRu35103,5,5
26255,SoRu36975,0,0
52082,AkHa00662,2,2
37231,SoCh31985,3,3
14211,AmAm09631,9,10
31642,SoRu37129,0,0
49607,SoRu38416,3,3
49625,SoRu38416,3,3
49798,SoRu38416,3,3
49817,SoRu38416,3,3
49850,SoRu38416,3,3
49869,SoRu38416,3,3
49977,SoRu38416,3,3
50037,SoRu38416,3,3
8346,AkRu02670,2,2
14442,AkHa00487,3,3
16286,SoRu36186,0,0
4101,AkRu03649,2,2
51075,KiRu30343,2,10
10586,AmRu13668,9,10
20902,SoMa34044,0,0
13172,AmRu14531,9,9
50347,SoRu37317,2,2
3093,KiIs23613,6,6
13409,SoRu39288,0,0
34009,AkRu07820,3,3
24774,AkRu07774,3,3
3267,SoBa31691,0,10
54896,SoRu36385,2,2
21978,KiIs24054,9,9
32520,KiRu29129,1,1
54900,KiHa23042,1,1
39863,AkHa00459,1,1
17354,SoBa31659,3,3
6624,KiRu30394,4,4
19195,SoKo33111,1,1
17142,AkRu03429,3,3
24912,KiRu26860,0,0
56325,KiAm22303,9,9
25264,HaRu18493,3,3
4779,HaRu18608,1,1
58643,SoRu35964,2,2
47577,KiMr24872,2,2
672,KiAm22458,2,2
54483,AkRu05603,3,3
56353,HaRu20851,9,9
41757,KiRu25343,1,1
57218,SoRu36816,3,3
43798,HaRu20840,3,3
43873,HaRu20840,3,3
43894,HaRu20840,3,3
43914,HaRu20840,3,3
44065,HaRu20840,3,3
44121,HaRu20840,3,3
44189,HaRu20840,3,3
44278,HaRu20840,3,3
3240,SoRu38966,5,5
17009,SoRu37494,9,9
25331,HaRu19176,1,1
22982,AmBe11175,3,3
23048,AmBe11175,3,3
23088,AmBe11175,3,3
23094,AmBe11175,3,3
23115,AmBe11175,3,3
23200,AmBe11175,3,3
23287,AmBe11175,3,3
23453,AmBe11175,3,3
19732,HaDe16360,1,1
8225,AmBe11054,9,9
59776,AkRu08460,2,2
2006,SoKo33124,3,3
2107,SoKo33124,3,3
2220,SoKo33124,3,3
2278,SoKo33124,3,3
2304,SoKo33124,3,3
2330,SoKo33124,3,3
2373,SoKo33124,3,3
2458,SoKo33124,3,3
16824,AkKi01211,3,3
25386,SoIl32445,2,2
39886,AmRu13532,9,9
7542,SoRu36142,1,1
4291,AkRu05020,3,3
34773,HaRu18730,1,1
30088,KiRu25527,2,2
59724,AkRu05442,3,3
53713,AkRu05207,3,3
53800,AkRu05207,3,3
53824,AkRu05207,3,3
53914,AkRu05207,3,3
53928,AkRu05207,3,3
54036,AkRu05207,3,3
54157,AkRu05207,3,3
54160,AkRu05207,3,3
39550,AmAm09844,9,9
18145,AkRu04217,3,3
16689,SoRu38733,5,5
5710,SoBa31655,9,9
17821,SoRu37392,4,4
17894,SoRu37392,4,4
18045,SoRu37392,4,4
18088,SoRu37392,4,4
18116,SoRu37392,4,4
18215,SoRu37392,4,4
18263,SoRu37392,4,4
18383,SoRu37392,4,4
15839,AkKi01238,3,3
36952,AmRu14527,3,3
9396,KiRu26502,3,3
28338,AkRu06339,0,0
42676,SoRu37920,0,0
26484,AkRu02682,2,2
39852,AmBe10969,3,3
39963,AmBe10969,3,3
40094,AmBe10969,3,3
40134,AmBe10969,3,3
40214,AmBe10969,3,3
40307,AmBe10969,3,3
40313,AmBe10969,3,3
40414,AmBe10969,3,3
19813,AkRu08755,3,3
13174,KiRu30051,2,2
314,HaRu19054,2,2
26851,HaRu17182,1,1
26263,AmBe11275,3,3
26302,AmBe11275,3,3
26312,AmBe11275,3,3
26386,AmBe11275,3,3
26491,AmBe11275,3,3
26575,AmBe11275,3,3
26670,AmBe11275,3,3
26698,AmBe11275,3,3
52668,HaRu19036,2,2
40090,KiMr24348,2,2
28247,AmPw12550,9,9
43586,HaRu20299,2,2
25652,KiRu29119,1,1
32365,AkRu03116,3,3
23001,SoRu35393,1,1
27091,AkLu02173,1,1
45092,AkRu08283,3,3
58809,KiRu28782,3,3
58859,KiRu28782,3,3
58968,KiRu28782,3,3
59030,KiRu28782,3,3
59062,KiRu28782,3,3
59120,KiRu28782,3,3
59155,KiRu28782,3,3
59242,KiRu28782,3,3
46365,AmAs10095,3,3
5321,KiRu29980,1,1
37346,KiRu25770,3,3
24374,AmRu15634,3,3
3469,AkRu07742,2,2
26429,KiRu28806,1,1
44726,AmAs10011,9,9
36815,KiMr25056,1,1
25972,HaDj16864,1,1
53182,AkRu04116,3,10
50239,AmPw12272,9,10
14781,HaRu18271,1,1
55255,HaAm16293,3,3
30754,KiRu27852,2,2
16840,AmAs10552,9,9
15506,HaAm16112,2,2
5702,KiZu30983,3,3
59640,SoRu37524,3,10
36919,HaYa21356,2,2
6493,AkRu03754,3,3
39478,SoMa34566,2,2
15192,AmRu15394,1,1
53947,HaRu19917,9,9
47342,SoRu35762,1,1
41269,AmAm09806,9,9
37437,AmAm09566,9,9
30396,KiRu27527,2,2
41487,SoRu36079,0,0
46052,AkLu02420,2,2
30990,SoRu38360,0,0
15619,KiIs23815,2,2
40443,AmRu14691,2,10
29104,AkLu01944,3,3
15628,SoBa31866,1,1
53738,AkRu05799,3,3
31416,KiRu26647,1,1
3138,AmRu14452,3,3
59212,AkRu03095,3,3
59335,AkRu03095,3,3
59414,AkRu03095,3,3
59431,AkRu03095,3,3
59516,AkRu03095,3,3
59601,AkRu03095,3,3
59629,AkRu03095,3,3
59638,AkRu03095,3,3
34917,SoRu37072,1,1
18821,SoBa31473,2,2
3368,SoRu35606,3,3
3412,SoRu35606,3,3
3584,SoRu35606,3,3
3667,SoRu35606,3,3
3689,SoRu35606,3,3
3722,SoRu35606,3,3
3750,SoRu35606,3,3
3881,SoRu35606,3,3
48699,KiRu28515,2,2
17117,KiMr24897,9,9
56435,AkRu03657,2,2
5645,KiRu29556,2,10
9908,AmAs10840,9,9
30665,SoRu37224,2,2
43257,HaRu20820,2,2
18330,KiIs23717,3,3
51823,HaRu18196,1,1
9213,KiRu28445,1,1
2023,AkRu04790,9,9
37485,AkLu01749,3,3
36027,SoRu35924,2,2
48940,KiRu27827,2,2
34248,AmRu13018,5,5
34310,AmRu13018,5,5
34453,AmRu13018,5,5
34526,AmRu13018,5,5
34586,AmRu13018,5,5
34596,AmRu13018,5,5
34696,AmRu13018,5,5
34737,AmRu13018,5,5
20600,SoRu36421,0,0
52713,KiRu28584,1,1
28511,KiRu29073,2,2
29731,AkHa00593,2,2
49534,AkKi01372,3,3
49615,AkKi01372,3,3
49628,AkKi01372,3,3
49714,AkKi01372,3,3
49819,AkKi01372,3,3
49837,AkKi01372,3,3
49852,AkKi01372,3,3
49947,AkKi01372,3,3
4533,AkLu02206,3,3
25512,AkRu08105,2,2
56179,AkRu04781,2,2
56646,KiRu27348,1,1
50252,AkRu07358,3,3
17917,SoRu35645,3,3
44405,HaDj16729,1,1
28365,AmAm09422,9,9
46572,KiRu28871,9,9
21867,SoKo33489,2,2
42529,KiIs24061,2,2
33109,SoRu36514,6,6
55400,SoRu38062,0,0
51404,AkRu04644,3,3
51414,AkRu04644,3,3
51429,AkRu04644,3,3
51441,AkRu04644,3,3
51549,AkRu04644,3,3
51654,AkRu04644,3,3
51723,AkRu04644,3,3
51837,AkRu04644,3,3
6875,AkRu07669,2,2
54735,KiMr24651,3,3
44968,SoRu35689,0,0
22019,KiZu31427,9,9
57585,KiMr24677,1,1
57038,KiZu30847,9,10
58460,HaRu17145,1,1
52145,SoKo33450,2,2
22708,AkRu06471,2,2
48225,AkRu03909,6,6
36448,SoRu38054,0,0
10930,KiZu30933,0,0
21540,AmRu15659,3,3
6317,AkRu04196,1,1
56405,HaRu17171,3,3
58243,KiZu31286,5,5
58297,KiZu31286,5,5
58317,KiZu31286,5,5
58330,KiZu31286,5,5
58476,KiZu31286,5,5
58542,KiZu31286,5,5
58567,KiZu31286,5,5
58657,KiZu31286,5,5
25122,KiRu27045,9,9
38982,AkRu07822,2,2
30299,SoRu38801,5,5
30403,SoRu38801,5,5
30446,SoRu38801,5,5
30460,SoRu38801,5,5
30551,SoRu38801,5,5
30632,SoRu38801,5,5
30699,SoRu38801,5,5
30708,SoRu38801,5,5
37033,AkRu05622,2,2
59978,AmRu13368,3,3
3862,KiRu29197,2,2
51906,KiHa22987,2,2
2528,AmAb09209,0,0
12880,SoRu35737,1,1
32243,HaRu20358,1,1
27985,SoRu38427,0,0
26100,SoRu39385,2,2
14154,KiAm22078,3,3
571,HaRu18624,2,2
52324,AkLu01620,3,3
40218,SoRu39442,0,0
16638,AmBe11161,3,3
16757,AmBe11161,3,3
16763,AmBe11161,3,3
16810,AmBe11161,3,3
16830,AmBe11161,3,3
16982,AmBe11161,3,3
17054,AmBe11161,3,3
17120,AmBe11161,3,3
25387,AkHa00363,0,10
59694,SoRu36982,9,9
42496,KiRu29202,3,3
2112,KiRu30289,1,1
43418,HaDj16691,3,3
11602,SoRu35904,0,0
38984,AkRu07627,7,7
12025,AkRu06941,9,9
40620,SoMa33925,1,1
25833,KiAm22052,3,3
52815,SoRu37929,0,0
5732,HaRu19467,1,1
51451,HaRu19164,1,1
58049,HaRu18836,9,9
57491,SoRu38150,9,9
41120,AmAm09853,9,9
30376,SoRu38947,2,2
44700,AmDa11683,4,4
3296,SoBa31761,2,10
32491,AmRu14207,1,1
12606,HaZa21638,1,1
45489,KiRu30052,2,2
30172,KiRu26263,9,9
25976,AmAb08975,9,9
14792,SoRu38924,9,9
32554,KiRu26698,9,9
48857,KiRu26909,3,3
17084,SoCh32037,0,0
9767,SoMa33775,0,0
43336,HaRu20481,2,2
47317,KiRu29745,2,2
2867,KiRu29612,2,2
35709,AmRu13754,9,9
26148,SoRu35482,0,0
15430,HaRu17297,9,9
16159,SoKo33094,0,10
48151,AkRu03158,9,9
33352,AkRu06069,7,7
17435,KiRu26010,1,1
1195,KiRu28019,2,2
41822,KiRu30518,3,3
41957,KiRu30518,3,3
42024,KiRu30518,3,3
42041,KiRu30518,3,3
42143,KiRu30518,3,3
42167,KiRu30518,3,3
42265,KiRu30518,3,3
42318,KiRu30518,3,3
38714,AkRu07026,9,9
52839,KiRu26412,0,0
19157,SoRu35634,3,3
21385,AkHa00746,1,1
43651,SoIl33036,1,1
40555,AkRu06836,1,1
50727,HaRu19773,9,9
21173,KiMr24471,0,0
58254,KiRu28420,1,1
17453,AkRu07739,3,3
51552,KiRu27252,2,2
42504,KiIs23560,1,1
38191,KiRu25537,3,3
36052,KiHa23219,2,2
56663,AkLu02008,0,0
30111,SoMa34421,3,3
31486,SoRu37753,2,2
9330,AmPw12576,7,7
16435,AmRu13851,3,3
16506,AmRu13851,3,3
16597,AmRu13851,3,3
16748,AmRu13851,3,3
16770,AmRu13851,3,3
16807,AmRu13851,3,3
16812,AmRu13851,3,3
16987,AmRu13851,3,3
32189,KiMr24804,5,5
32248,KiMr24804,5,5
32311,KiMr24804,5,5
32338,KiMr24804,5,5
32428,KiMr24804,5,5
32527,KiMr24804,5,5
32563,KiMr24804,5,5
32691,KiMr24804,5,5
6947,AmAm09946,9,9
53988,KiAm22279,3,3
54039,KiAm22279,3,3
54070,KiAm22279,3,3
54207,KiAm22279,3,3
54256,KiAm22279,3,3
54283,KiAm22279,3,3
54316,KiAm22279,3,3
54439,KiAm22279,3,3
39531,AkRu03992,2,2
54230,AmRu14758,9,9
21143,AmRu13619,9,9
29419,AmAm09492,9,9
57702,AkRu08500,3,3
21375,HaRu18780,1,1
31256,SoRu38398,3,3
6674,AmAm09540,0,0
25130,AkLu02114,3,3
30535,AmBe11296,3,3
30603,AmBe11296,3,3
30701,AmBe11296,3,3
30733,AmBe11296,3,3
30780,AmBe11296,3,3
30851,AmBe11296,3,3
30884,AmBe11296,3,3
30963,AmBe11296,3,3
17619,AkRu05627,7,7
46022,AkKi01158,3,3
46098,AkKi01158,3,3
46151,AkKi01158,3,3
46227,AkKi01158,3,3
46231,AkKi01158,3,3
46299,AkKi01158,3,3
46377,AkKi01158,3,3
46430,AkKi01158,3,3
27180,KiRu30069,3,3
19982,AmAm09774,9,9
17066,HaRu19731,3,3
8013,AkRu07991,2,2
5954,HaZa21811,1,1
7643,AmPw12299,9,9
3105,HaRu17417,2,2
27250,AmRu12818,3,3
26260,HaSe21323,3,10
54871,AmAm09730,9,9
16938,HaAm16072,2,2
855,KiAm22564,0,0
37376,AkRu04359,3,3
33897,AmRu14130,2,2
42213,AmPw12685,3,3
17086,AmDa11466,1,10
26455,KiIs23737,9,9
37439,AkRu05675,3,3
586,KiRu27273,3,3
728,KiRu27273,3,3
766,KiRu27273,3,3
873,KiRu27273,3,3
913,KiRu27273,3,3
923,KiRu27273,3,3
956,KiRu27273,3,3
1023,KiRu27273,3,3
878,KiZu31183,9,9
7867,HaRu17038,2,10
21941,HaZa21677,1,1
26522,AkKi01487,1,1
28843,AmDa12045,5,5
28931,AmDa12045,5,5
29037,AmDa12045,5,5
29059,AmDa12045,5,5
29153,AmDa12045,5,5
29246,AmDa12045,5,5
29342,AmDa12045,5,5
29351,AmDa12045,5,5
8746,HaDj16928,2,2
57949,SoIl32627,3,3
10891,AkRu03179,5,5
10957,AkRu03179,5,5
11063,AkRu03179,5,5
11105,AkRu03179,5,5
11162,AkRu03179,5,5
11177,AkRu03179,5,5
11197,AkRu03179,5,5
11358,AkRu03179,5,5
42454,AkRu05546,0,0
13865,AmAs10264,9,9
50217,AmAb08995,9,9
39605,AkRu06775,2,2
6130,SoRu35734,2,2
6761,AkRu05280,3,3
56397,SoRu35119,2,2
11863,KiRu25483,6,6
28235,KiAm22240,9,9
51694,AkRu06232,2,2
32883,KiRu25576,6,6
29514,SoRu39485,1,1
43164,AkRu07003,3,3
19831,SoRu38178,3,3
37807,HaRu18408,3,3
37916,HaRu18408,3,3
37948,HaRu18408,3,3
38020,HaRu18408,3,3
38033,HaRu18408,3,3
38045,HaRu18408,3,3
38179,HaRu18408,3,3
38224,HaRu18408,3,3
7962,KiRu26522,3,3
39752,KiRu28005,2,2
19210,AkRu08633,3,3
23013,AkLu01598,2,2
24173,AmPw12594,9,9
11689,SoRu39617,9,9
30369,HaRu18732,2,2
36432,AkRu04678,3,3
43261,AmRu15262,0,0
59198,KiZu30898,3,3
59250,KiZu30898,3,3
59375,KiZu30898,3,3
59428,KiZu30898,3,3
59503,KiZu30898,3,3
59607,KiZu30898,3,3
59618,KiZu30898,3,3
59708,KiZu30898,3,3
15579,AkRu06383,3,3
15611,AkRu06383,3,3
15734,AkRu06383,3,3
15788,AkRu06383,3,3
15813,AkRu06383,3,3
15867,AkRu06383,3,3
16010,AkRu06383,3,3
16017,AkRu06383,3,3
13822,KiRu29989,9,9
38786,SoRu35998,1,1
10514,AkRu04153,2,2
32390,SoMa34162,3,3
38102,KiRu27364,0,10
10502,KiRu29836,7,7
24139,SoRu35504,2,2
4059,SoRu35596,9,9
28844,AkRu04215,1,1
21884,HaZa21907,1,1
42438,AkRu05411,0,0
12705,AkRu05880,7,10
26258,AkKi01559,3,3
40725,KiMr24656,1,1
45736,HaRu17951,3,3
39438,KiRu29143,7,7
24293,AkRu04294,9,9
47600,SoKo33149,1,1
4530,AkRu04720,2,2
26516,KiRu25511,9,9
55017,SoRu35939,1,1
19548,HaRu17470,1,1
59926,KiAm22039,3,3
60007,KiAm22039,3,3
60032,KiAm22039,3,3
60062,KiAm22039,3,3
60089,KiAm22039,3,3
60112,KiAm22039,3,3
60118,KiAm22039,3,3
60138,KiAm22039,3,3
15298,SoRu38185,2,2
3652,KiMr25042,4,4
7939,SoRu37208,1,1
251,KiRu29696,2,10
11784,AkKi01424,3,3
55628,AkRu03770,7,7
11254,HaZa21810,1,1
52348,AkRu03265,3,3
54914,AmAb09118,2,2
5022,AkKi01512,3,3
25168,AkRu05299,2,2
5042,AkKi00885,3,3
26906,HaRu20039,1,1
7331,AkKi01541,3,3
11935,AkHa00058,3,3
18604,SoRu36804,4,4
22009,AkRu06181,6,6
48270,KiRu30244,1,1
20354,SoRu35370,0,0
28319,KiHa22708,2,2
17149,AkKi01235,0,0
55881,HaRu17273,1,1
54924,SoRu35584,2,2
54229,HaRu17358,2,2
2159,HaYa21508,2,2
46993,SoRu36839,3,3
47072,SoRu36839,3,3
47166,SoRu36839,3,3
47178,SoRu36839,3,3
47222,SoRu36839,3,3
47284,SoRu36839,3,3
47417,SoRu36839,3,3
47510,SoRu36839,3,3
16568,HaAm15940,0,0
39377,KiHa23374,2,2
21381,KiRu25462,2,2
53064,SoRu39299,1,1
44436,AmRu15113,3,3
30711,KiRu25467,0,0
47475,KiMr25069,3,3
51092,HaRu18669,1,1
32824,KiMr24993,9,9
50794,KiRu29205,5,5
50884,KiRu29205,5,5
50971,KiRu29205,5,5
50972,KiRu29205,5,5
51002,KiRu29205,5,5
51033,KiRu29205,5,5
51116,KiRu29205,5,5
51250,KiRu29205,5,5
26695,AkRu04281,0,0
19267,AkRu03009,2,2
38645,AkRu07584,0,0
27044,KiAm22619,3,3
54357,KiHa23324,1,1
48137,SoCh32105,0,0
39773,SoRu36947,6,6
34007,AkKi01226,2,2
22703,SoMa34203,9,9
40961,AkRu07928,3,3
8754,AmAm09716,3,3
19044,KiRu26898,2,2
18482,SoRu35204,3,3
45701,SoRu38992,1,1
2288,KiRu29642,2,2
24437,KiAm22546,0,0
11252,AkRu08709,4,4
31114,AmBe11146,9,9
55481,SoRu38840,9,9
13769,HaSe20913,9,9
45638,AkRu06409,3,3
45182,KiAm22010,9,9
47091,KiRu28681,2,2
51588,KiRu27445,0,0
58667,KiMr25066,2,2
20668,AkRu08527,2,2
10434,AkRu03366,3,3
10488,AkRu03366,3,3
10568,AkRu03366,3,3
10674,AkRu03366,3,3
10702,AkRu03366,3,3
10721,AkRu03366,3,3
10843,AkRu03366,3,3
10911,AkRu03366,3,3
20242,AmAs10727,3,3
51742,SoCh32218,9,9
39129,HaAm16144,2,2
8299,HaDe16554,9,9
29772,KiRu27065,0,10
59100,KiRu28451,1,1
22280,SoRu36896,4,4
4904,HaYa21537,9,9
46501,AmBe11144,9,9
21022,AmAm09885,9,9
36769,AkRu04239,2,2
54532,AkRu03485,2,2
45465,HaRu20552,9,9
44127,KiRu26022,9,9
40752,SoRu37386,5,5
2096,KiRu27731,3,3
27946,AmRu14200,1,1
54231,AmRu14220,3,3
35385,HaRu18473,2,2
23536,KiRu28208,3,3
24353,AmPw12359,9,9
55457,KiIs23579,2,2
5517,SoRu36686,9,9
14773,HaRu17704,2,2
36775,AkRu07773,3,3
4944,HaRu19574,3,3
4992,HaRu19574,3,3
5070,HaRu19574,3,3
5079,HaRu19574,3,3
5119,HaRu19574,3,3
5217,HaRu19574,3,3
5273,HaRu19574,3,3
5387,HaRu19574,3,3
6783,SoRu35147,2,2
49705,KiRu25784,3,3
45862,HaRu20497,3,3
21557,SoRu35551,9,9
31106,AkLu02036,9,9
51366,KiRu28450,1,1
22180,AkRu05101,3,3
22209,AkRu05101,3,3
22231,AkRu05101,3,3
22255,AkRu05101,3,3
22344,AkRu05101,3,3
22471,AkRu05101,3,3
22545,AkRu05101,3,3
22579,AkRu05101,3,3
851,AmRu14915,0,0
23620,SoRu38818,0,0
33358,KiRu25975,1,1
39998,HaRu19522,1,1
10065,AkRu08361,3,3
43233,HaRu19320,2,2
4715,KiRu26049,2,2
31113,KiAm22582,2,2
15159,HaAm16010,5,5
15306,HaAm16010,5,5
15330,HaAm16010,5,5
15345,HaAm16010,5,5
15427,HaAm16010,5,5
15498,HaAm16010,5,5
15555,HaAm16010,5,5
15634,HaAm16010,5,5
31183,SoRu37252,2,2
50918,AkRu07426,3,10
50979,AkRu07426,3,10
51006,AkRu07426,3,10
51099,AkRu07426,3,10
51110,AkRu07426,3,10
51180,AkRu07426,3,10
51343,AkRu07426,3,10
51345,AkRu07426,3,10
18416,KiRu28377,2,2
11751,HaDj16807,9,9
28943,HaRu20530,2,2
6004,HaRu20853,3,3
22569,KiZu31112,1,1
55911,SoRu36282,2,2
2824,AmDa11755,7,7
58857,KiAm22311,3,3
58060,KiMr24308,3,3
8566,AmRu13413,3,3
57469,AmAs10324,9,9
47257,KiRu27828,1,1
18615,SoIl32437,3,3
52998,AkRu04426,2,2
34367,AkRu06169,3,3
11601,AkRu02962,3,3
3154,AmAs10124,6,10
28842,HaRu19669,2,2
3780,KiMr25223,1,1
55072,HaRu20816,1,1
42305,AmRu13356,9,9
29137,KiIs23593,1,1
49221,AmAm09674,9,9
17397,SoRu39643,1,1
21444,AmRu15683,9,9
34427,AkRu05848,3,3
20996,AkLu02496,3,3
31942,SoRu38216,3,3
5769,KiRu30508,1,1
44096,KiRu27437,4,4
44211,KiRu27437,4,4
44318,KiRu27437,4,4
44344,KiRu27437,4,4
44369,KiRu27437,4,4
44404,KiRu27437,4,4
44502,KiRu27437,4,4
44607,KiRu27437,4,4
27610,KiRu28942,2,2
20090,KiAm22113,3,3
13998,AkRu04557,3,3
14045,AkRu04557,3,3
14212,AkRu04557,3,3
14244,AkRu04557,3,3
14333,AkRu04557,3,3
14364,AkRu04557,3,3
14398,AkRu04557,3,3
14470,AkRu04557,3,3
21900,HaRu18150,1,1
46378,AmRu15160,2,2
41486,HaRu20728,1,1
14632,KiRu26051,3,3
14749,KiRu26051,3,3
14761,KiRu26051,3,3
14855,KiRu26051,3,3
14889,KiRu26051,3,3
14986,KiRu26051,3,3
15003,KiRu26051,3,3
15104,KiRu26051,3,3
56602,KiRu28827,1,1
25034,HaRu17079,3,3
47308,KiRu29851,3,3
55696,AkRu08820,3,3
27722,AkRu06788,3,3
6513,AmRu13599,9,9
42105,SoMa34196,9,9
58588,AmRu15096,9,9
4995,SoIl32791,0,0
17298,AmBe11095,9,9
33553,AmAs10055,6,6
32735,AmAs10340,9,9
23249,SoRu35914,2,2
43828,SoRu36773,1,1
48470,KiHa23146,7,7
31380,SoRu35843,0,0
28722,AmDa12143,3,3
28787,AmDa12143,3,3
28928,AmDa12143,3,3
28935,AmDa12143,3,3
29025,AmDa12143,3,3
29040,AmDa12143,3,3
29163,AmDa12143,3,3
29230,AmDa12143,3,3
3430,HaRu18377,4,4
3504,HaRu18377,4,4
3623,HaRu18377,4,4
3696,HaRu18377,4,4
3727,HaRu18377,4,4
3823,HaRu18377,4,4
3886,HaRu18377,4,4
4001,HaRu18377,4,4
39024,KiMr25238,3,3
47752,AkHa00453,3,3
19772,SoRu36476,3,3
41535,KiRu26765,3,3
58003,AmBe11088,5,5
58032,AmBe11088,5,5
58111,AmBe11088,5,5
58281,AmBe11088,5,5
58303,AmBe11088,5,5
58313,AmBe11088,5,5
58349,AmBe11088,5,5
58443,AmBe11088,5,5
48993,KiZu31050,2,2
51245,KiRu30321,2,2
4090,SoRu38869,3,3
4154,SoRu38869,3,3
4183,SoRu38869,3,3
4205,SoRu38869,3,3
4295,SoRu38869,3,3
4420,SoRu38869,3,3
4458,SoRu38869,3,3
4525,SoRu38869,3,3
45826,AmAs10935,3,3
45876,AmAs10935,3,3
46017,AmAs10935,3,3
46095,AmAs10935,3,3
46150,AmAs10935,3,3
46225,AmAs10935,3,3
46238,AmAs10935,3,3
46311,AmAs10935,3,3
19681,SoRu37885,3,3
1964,KiRu25876,1,1
32555,HaRu18142,2,10
12795,AkRu06814,2,2
22974,KiRu25869,3,3
22997,KiRu25869,3,3
23081,KiRu25869,3,3
23110,KiRu25869,3,3
23141,KiRu25869,3,3
23203,KiRu25869,3,3
23317,KiRu25869,3,3
23445,KiRu25869,3,3
13193,AmAs10230,2,2
53772,AmRu14595,3,3
26206,KiAm21997,9,9
19735,SoRu35287,2,2
51390,SoRu36884,0,0
5784,HaRu19312,2,2
46806,SoRu39304,0,0
29097,KiZu30908,0,0
54304,AmAm09821,0,0
55224,AkRu03660,3,3
4867,AkHa00113,3,3
21925,KiRu28313,2,2
47530,SoBa31598,3,3
55644,KiRu26657,9,9
48332,AkRu04314,0,0
4250,HaAm16199,1,1
37375,KiRu28294,5,5
27739,AkRu08008,2,2
3519,HaRu18060,1,1
32008,AkRu06284,3,10
32036,AkRu06284,3,10
32119,AkRu06284,3,10
32217,AkRu06284,3,10
32320,AkRu06284,3,10
32332,AkRu06284,3,10
32424,AkRu06284,3,10
32518,AkRu06284,3,10
37927,AmRu14948,3,3
38018,AmRu14948,3,3
38035,AmRu14948,3,3
38118,AmRu14948,3,3
38157,AmRu14948,3,3
38304,AmRu14948,3,3
38309,AmRu14948,3,3
38378,AmRu14948,3,3
6508,SoCh32004,1,1
7112,AmRu14988,2,2
8788,AmRu13124,9,9
6333,AkRu03153,3,3
54560,KiRu25347,2,10
47129,HaSe21212,3,3
8115,SoRu36289,1,1
14066,AkLu02228,2,2
51357,AkRu08808,6,6
51066,AmAb09153,6,6
48468,AmRu15793,2,2
46929,KiRu29014,1,1
15301,SoRu39229,4,4
26847,KiRu29503,9,9
12970,SoRu36266,2,2
47792,AkRu05361,0,0
44449,KiMr25160,2,2
20320,HaRu20437,3,3
20386,HaRu20437,3,3
20396,HaRu20437,3,3
20415,HaRu20437,3,3
20494,HaRu20437,3,3
20653,HaRu20437,3,3
20698,HaRu20437,3,3
20783,HaRu20437,3,3
1559,AkRu07633,2,2
20774,KiZu31150,3,3
5399,AmDa11554,5,5
5484,AmDa11554,5,5
5496,AmDa11554,5,5
5509,AmDa11554,5,5
5579,AmDa11554,5,5
5660,AmDa11554,5,5
5764,AmDa11554,5,5
5819,AmDa11554,5,5
42302,AmRu14364,2,10
13253,KiRu26928,2,2
10555,AmPw12323,0,0
48621,KiHa23217,2,2
31033,KiZu31100,3,10
31115,KiZu31100,3,10
31146,KiZu31100,3,10
31260,KiZu31100,3,10
31317,KiZu31100,3,10
31335,KiZu31100,3,10
31436,KiZu31100,3,10
31501,KiZu31100,3,10
38213,SoRu37942,1,1
47252,KiHa22705,3,3
48994,AmAs10704,9,9
35401,HaRu20407,2,2
15869,KiRu29537,2,10
16183,AmRu15051,7,7
49554,KiRu30027,1,1
9095,HaRu18920,1,1
39372,AkRu06193,3,3
44026,AmRu13603,3,3
17104,AkRu05736,3,3
40370,AkRu05049,3,3
40419,AkRu05049,3,3
40551,AkRu05049,3,3
40677,AkRu05049,3,3
40757,AkRu05049,3,3
40779,AkRu05049,3,3
40788,AkRu05049,3,3
40811,AkRu05049,3,3
34707,SoRu36495,1,1
35498,KiIs24165,2,2
5622,KiHa22801,1,1
17414,KiRu30402,1,1
46074,AkRu07212,3,3
29470,SoMa33737,2,2
46018,AkRu05996,1,1
27125,SoRu37485,1,1
49673,HaRu18692,3,3
42224,AmDa12115,1,1
16460,SoBa31675,9,9
26538,KiRu27091,3,3
26607,KiRu27091,3,3
26731,KiRu27091,3,3
26776,KiRu27091,3,3
26796,KiRu27091,3,3
26801,KiRu27091,3,3
26927,KiRu27091,3,3
27027,KiRu27091,3,3
25624,SoIl32343,6,6
49033,AkRu03973,3,10
42900,AkRu06469,3,3
33923,AkRu02879,3,3
17974,HaSe21180,1,1
51500,AkRu04129,3,3
22872,AkRu03049,3,3
22979,AkRu03049,3,3
22995,AkRu03049,3,3
23091,AkRu03049,3,3
23106,AkRu03049,3,3
23181,AkRu03049,3,3
23267,AkRu03049,3,3
23292,AkRu03049,3,3
17023,KiRu26019,2,2
8587,AkRu05567,2,2
32140,AmRu13392,9,9
24109,KiRu29277,6,6
25905,KiHa22725,1,1
54228,AkRu07750,3,3
32744,HaRu18221,2,2
49123,AkRu03866,3,3
32466,AmAm09904,9,9
39185,AkRu05381,6,6
42077,SoRu36309,0,0
43248,SoIl32516,2,2
30475,SoRu38501,7,7
37696,KiMr24550,9,9
46016,KiRu25794,3,3
11978,KiRu29013,2,2
40645,SoRu34827,0,0
5817,KiAm22034,9,9
23813,AmRu13070,3,3
34,AkRu05973,3,3
37498,AkRu08930,2,2
46842,AkRu05986,3,3
22416,SoRu38405,0,0
37012,KiRu25582,3,3
56452,KiMr24938,3,3
26610,KiRu27187,2,2
49777,KiRu29008,2,2
21258,AkRu06851,3,3
21298,AkRu06851,3,3
21324,AkRu06851,3,3
21373,AkRu06851,3,3
21437,AkRu06851,3,3
21511,AkRu06851,3,3
21593,AkRu06851,3,3
21734,AkRu06851,3,3
15377,AmRu14096,9,9
56898,SoKo33333,2,10
5323,HaDe16498,1,1
52854,AmRu15671,0,0
7009,AkRu02917,7,7
57517,AkRu08658,0,0
52912,KiHa23098,9,9
21262,KiRu27709,2,2
56705,SoKo33173,3,3
15857,KiRu29070,1,1
42776,KiRu26448,3,3
42817,KiRu26448,3,3
42963,KiRu26448,3,3
42997,KiRu26448,3,3
43078,KiRu26448,3,3
43090,KiRu26448,3,3
43144,KiRu26448,3,3
43196,KiRu26448,3,3
2355,AkRu02702,4,4
32963,AmBe11096,9,9
16439,AmAm09974,9,9
13759,AmAb09303,0,0
57922,AmRu13533,2,2
2632,HaRu17490,6,6
55794,KiRu26688,2,10
41480,AkKi01435,1,1
29146,HaRu17778,0,0
56912,KiIs23983,1,1
28621,AkRu02837,2,2
10051,SoRu34768,0,0
15456,AkRu05737,2,2
3116,SoIl32575,1,10
41114,SoIl32905,9,9
13896,AkRu04984,2,2
15203,HaZa21724,3,3
5159,KiRu30412,9,9
45446,HaRu17357,9,9
38287,AkRu04085,0,0
32836,AkRu05064,0,0
12862,KiRu29350,3,3
55066,SoCh32134,9,9
33597,SoRu36758,6,6
19229,SoRu37498,3,3
14096,AmAs10873,2,2
5276,AkLu02515,3,3
26183,SoMa34366,9,10
56724,AkHa00168,9,9
25547,KiZu31241,3,3
25659,KiZu31241,3,3
25671,KiZu31241,3,3
25791,KiZu31241,3,3
25846,KiZu31241,3,3
25874,KiZu31241,3,3
25879,KiZu31241,3,3
26017,KiZu31241,3,3
1795,AkRu07740,2,2
54217,HaRu17286,2,2
37490,AmAs10647,7,7
57194,AkRu04500,1,1
59292,SoMa34599,0,0
57128,AkRu07105,2,2
24824,AkKi01263,2,2
41818,SoBa31813,3,3
29336,AmRu12815,2,2
38834,AmRu15123,9,9
23817,KiHa23019,1,1
10831,SoRu36901,5,5
10990,SoRu36901,5,5
11055,SoRu36901,5,5
11146,SoRu36901,5,5
11150,SoRu36901,5,5
11183,SoRu36901,5,5
11204,SoRu36901,5,5
11281,SoRu36901,5,5
16410,AkRu04935,3,10
16459,AkRu04935,3,10
16513,AkRu04935,3,10
16593,AkRu04935,3,10
16680,AkRu04935,3,10
16766,AkRu04935,3,10
16792,AkRu04935,3,10
16857,AkRu04935,3,10
25725,HaRu19244,2,10
49077,KiRu26810,3,3
49170,KiRu26810,3,3
49250,KiRu26810,3,3
49333,KiRu26810,3,3
49354,KiRu26810,3,3
49382,KiRu26810,3,3
49446,KiRu26810,3,3
49481,KiRu26810,3,3
11340,KiRu26021,1,1
36539,SoRu39268,9,9
57200,HaRu20314,0,0
27142,HaRu20313,5,5
27200,HaRu20313,5,5
27212,HaRu20313,5,5
27301,HaRu20313,5,5
27374,HaRu20313,5,5
27459,HaRu20313,5,5
27552,HaRu20313,5,5
27558,HaRu20313,5,5
55127,AkRu06089,2,2
633,SoRu37335,2,2
36397,KiRu27373,2,2
38805,SoBa31528,3,3
51917,HaRu18118,9,9
47128,AkLu01669,2,2
31599,HaRu18412,2,2
56856,AmAm09510,9,9
34827,AkRu07097,2,2
298,AmAm09372,9,9
8440,SoIl32874,3,3
16129,HaRu19673,6,6
42678,KiRu28996,7,7
41463,SoRu36863,0,0
35190,SoRu39448,1,1
14459,SoRu36213,0,0
49181,SoRu36690,9,9
37358,AkRu06613,2,2
10850,KiRu25841,1,1
59265,AkRu06609,3,3
34005,AkRu07303,0,0
10094,AmRu13360,9,9
22192,AkHa00401,1,1
34478,HaRu19396,1,1
42882,KiRu28031,0,0
7252,SoRu36708,3,10
7271,SoRu36708,3,10
7303,SoRu36708,3,10
7373,SoRu36708,3,10
7424,SoRu36708,3,10
7495,SoRu36708,3,10
7594,SoRu36708,3,10
7679,SoRu36708,3,10
6007,AkRu06402,0,0
45848,AkRu05968,1,1
37486,AkRu04504,7,7
46280,AmRu13823,9,9
21902,SoCh32233,0,0
37357,AkRu04508,1,10
3463,KiZu30714,3,3
53500,SoRu37892,0,0
1188,AkRu04522,5,5
1287,AkRu04522,5,5
1370,AkRu04522,5,5
1398,AkRu04522,5,5
1471,AkRu04522,5,5
1552,AkRu04522,5,5
1661,AkRu04522,5,5
1694,AkRu04522,5,5
25918,AkRu03221,1,1
3315,KiRu29454,3,3
3374,KiRu29454,3,3
3415,KiRu29454,3,3
3502,KiRu29454,3,3
3686,KiRu29454,3,3
3709,KiRu29454,3,3
3732,KiRu29454,3,3
3755,KiRu29454,3,3
9829,AmAs10708,9,9
27964,SoBa31719,1,1
47919,HaSe21173,3,3
42008,SoBa31681,1,1
8377,AkRu03515,9,9
24350,KiRu26004,3,3
24414,KiRu26004,3,3
24491,KiRu26004,3,3
24515,KiRu26004,3,3
24528,KiRu26004,3,3
24696,KiRu26004,3,3
24785,KiRu26004,3,3
24840,KiRu26004,3,3
27990,SoIl32610,9,9
7912,KiMr24590,2,2
31401,AmRu15533,3,3
30408,AmRu14792,4,4
52505,KiIs23570,2,2
50024,KiRu28181,1,1
49061,AkRu04779,0,0
20804,HaDj16730,1,1
4106,SoRu36270,0,0
58262,AkLu01920,9,9
43412,AkRu03848,3,10
43436,AkRu03848,3,10
43461,AkRu03848,3,10
43473,AkRu03848,3,10
43571,AkRu03848,3,10
43657,AkRu03848,3,10
43711,AkRu03848,3,10
43843,AkRu03848,3,10
22885,HaSe21058,3,3
44884,KiRu27251,3,3
45010,KiRu27251,3,3
45075,KiRu27251,3,3
45204,KiRu27251,3,3
45296,KiRu27251,3,3
45318,KiRu27251,3,3
45348,KiRu27251,3,3
45376,KiRu27251,3,3
1780,HaRu18859,7,7
56150,SoBa31693,2,2
23530,AmRu15846,2,2
49442,AkRu07599,7,7
54753,SoIl32539,2,2
43208,KiIs24129,1,1
32684,KiRu29410,5,5
32758,KiRu29410,5,5
32785,KiRu29410,5,5
32805,KiRu29410,5,5
32891,KiRu29410,5,5
32892,KiRu29410,5,5
33011,KiRu29410,5,5
33096,KiRu29410,5,5
6901,AmRu13398,2,2
33709,AmRu14768,9,9
12588,HaZa21689,1,1
24797,AkLu02500,3,10
29132,KiMr24607,2,2
17701,AkLu02190,4,4
44263,KiHa23086,3,3
16962,SoRu37253,4,4
17030,SoRu37253,4,4
17056,SoRu37253,4,4
17140,SoRu37253,4,4
17217,SoRu37253,4,4
17227,SoRu37253,4,4
17302,SoRu37253,4,4
17316,SoRu37253,4,4
26189,AkRu06420,3,3
37283,KiIs23885,1,1
54955,SoRu35094,9,9
47667,AkRu05925,4,4
16291,KiRu26556,2,2
42391,KiRu26696,1,1
47908,AmRu14615,3,3
8775,AkRu04588,6,6
20755,SoRu34723,4,4
20832,SoRu34723,4,4
20854,SoRu34723,4,4
20892,SoRu34723,4,4
20949,SoRu34723,4,4
21049,SoRu34723,4,4
21110,SoRu34723,4,4
21271,SoRu34723,4,4
12942,AkRu05407,9,9
19718,KiRu26564,9,9
46802,AmRu14446,9,9
40356,HaZa21660,1,1
3538,KiRu26247,3,3
41594,AmRu13777,9,9
11298,KiRu27156,9,9
21864,HaRu19549,1,1
25316,KiHa23378,2,2
36270,AkKi01484,3,3
32911,AmPw12289,9,9
22846,KiZu30761,4,4
37457,AkRu07310,9,10
26265,AkRu07396,2,2
22323,KiMr25130,2,2
34194,AmRu13981,3,3
41661,AkRu03712,3,3
51372,HaRu20772,1,1
50054,SoRu39481,9,9
35531,SoIl32694,9,9
59790,AmPw12413,5,5
14447,AmDa11919,3,3
14520,AmDa11919,3,3
14646,AmDa11919,3,3
14751,AmDa11919,3,3
14847,AmDa11919,3,3
14870,AmDa11919,3,3
14905,AmDa11919,3,3
14913,AmDa11919,3,3
30389,AkRu03027,3,3
30431,AkRu03027,3,3
30461,AkRu03027,3,3
30467,AkRu03027,3,3
30622,AkRu03027,3,3
30639,AkRu03027,3,3
30726,AkRu03027,3,3
30779,AkRu03027,3,3
37406,AkHa00632,3,3
32826,KiAm22274,2,2
58866,AkKi01267,9,10
36031,AmAm09592,9,9
7637,AmPw12766,3,3
9824,AmRu15057,2,2
17359,HaSe21006,3,3
5339,SoRu37970,2,2
23771,AkRu08552,3,3
29816,SoRu36209,1,1
7164,AkRu03630,7,7
5406,HaRu17764,0,0
14413,SoRu37008,3,3
29311,AmAm09794,2,2
52882,KiRu29794,3,3
29443,HaDe16581,1,1
51526,KiRu26207,9,9
45247,KiAm22626,1,1
9734,AmRu15704,2,2
59814,SoRu36586,1,1
48362,AkHa00779,3,3
48856,SoRu34876,3,3
48872,SoRu34876,3,3
48944,SoRu34876,3,3
48966,SoRu34876,3,3
48977,SoRu34876,3,3
49055,SoRu34876,3,3
49144,SoRu34876,3,3
49222,SoRu34876,3,3
29077,KiHa23010,1,1
47227,AmRu14245,9,10
24269,SoBa31739,3,3
28053,SoRu37471,9,9
16966,HaRu20392,4,4
694,KiRu27220,3,3
46320,AkRu03641,2,2
20781,AkRu05864,3,3
43236,KiMr24512,1,1
14819,AkRu06015,2,2
26090,HaDe16405,1,1
3454,SoRu34678,2,2
24825,SoRu35092,0,0
5770,AkRu04237,3,3
32080,SoRu36345,3,3
32156,SoRu36345,3,3
32230,SoRu36345,3,3
32313,SoRu36345,3,3
32328,SoRu36345,3,3
32359,SoRu36345,3,3
32529,SoRu36345,3,3
32613,SoRu36345,3,3
29970,SoRu34954,6,6
34361,AkRu05338,1,1
35358,KiHa23446,9,9
27371,KiHa22779,2,2
47390,SoKo33339,3,3
14521,SoRu36597,1,1
12721,HaRu18505,2,2
29683,AmPw12411,9,9
34365,SoCh32036,9,9
4139,SoRu38172,0,0
28334,AmRu15053,9,9
49082,KiZu30932,9,10
8186,KiAm22092,9,10
58184,AkRu05095,2,2
59743,AmPw12305,9,9
3681,AkRu04599,9,9
50505,SoRu37925,3,3
33059,AkRu03951,2,2
40688,AkRu08194,5,5
40768,AkRu08194,5,5
40792,AkRu08194,5,5
40873,AkRu08194,5,5
40938,AkRu08194,5,5
40958,AkRu08194,5,5
41071,AkRu08194,5,5
41182,AkRu08194,5,5
41921,KiRu26177,2,2
26218,KiRu25895,1,1
28974,SoRu37119,9,9
59649,SoKo33426,1,1
6479,KiRu25386,2,2
17576,AkHa00694,9,9
51450,AmRu13271,9,9
27835,AkRu05601,1,1
22347,AkRu08142,1,1
22580,SoIl32529,2,2
33282,AkRu05172,6,6
22369,AmRu13829,9,9
7108,KiIs23562,1,1
3179,KiRu29147,0,10
38161,KiRu30676,2,2
35329,SoRu37941,9,9
45192,AkRu04619,3,3
26566,SoRu38045,9,10
7548,SoIl32770,0,10
28644,KiRu29170,9,9
17466,HaYa21619,2,2
51120,AkRu06874,4,4
31671,SoRu38873,0,0
48180,KiIs23489,9,9
55013,HaRu19495,3,3
52107,KiRu30328,0,0
53541,HaAm16281,2,2
55804,KiAm22340,2,2
14540,KiRu28260,1,1
50159,SoRu38872,0,0
6491,KiMr25227,3,3
6503,KiMr25227,3,3
6647,KiMr25227,3,3
6703,KiMr25227,3,3
6792,KiMr25227,3,3
6844,KiMr25227,3,3
6859,KiMr25227,3,3
6868,KiMr25227,3,3
51143,AmAm09733,9,9
3400,KiRu29712,1,1
58887,KiRu25555,2,2
42437,KiIs23699,3,3
33146,KiHa23050,1,1
6322,SoBa31449,3,3
39520,HaRu18307,1,1
6234,AkRu07225,5,5
6371,AkRu07225,5,5
6400,AkRu07225,5,5
6413,AkRu07225,5,5
6494,AkRu07225,5,5
6528,AkRu07225,5,5
6590,AkRu07225,5,5
6670,AkRu07225,5,5
2416,AmRu15786,2,2
46000,AmRu13306,7,7
20509,HaSe21050,3,3
35863,KiRu27102,0,0
29906,SoMa33787,0,0
50964,AmRu15121,3,3
52429,HaDj16824,1,10
35093,SoRu34823,3,3
33591,AkRu08262,2,2
765,AkRu05433,2,2
47448,AmRu14755,2,2
38723,KiRu30271,3,3
59190,KiRu26549,3,3
59251,KiRu26549,3,3
59382,KiRu26549,3,3
59467,KiRu26549,3,3
59573,KiRu26549,3,3
59594,KiRu26549,3,3
59615,KiRu26549,3,3
59646,KiRu26549,3,3
31496,AmAb09168,9,9
10527,SoIl32854,2,2
36983,AkRu06786,7,7
25787,SoKo33185,9,9
13969,AkKi00951,9,9
27524,AkRu08508,5,5
27574,AkRu08508,5,5
27659,AkRu08508,5,5
27668,AkRu08508,5,5
27690,AkRu08508,5,5
27772,AkRu08508,5,5
27916,AkRu08508,5,5
27977,AkRu08508,5,5
45008,KiRu29639,1,10
34261,AmAb09099,6,6
50706,KiRu27782,3,3
31908,AmAs10172,9,9
22399,KiRu27550,2,2
6775,KiAm22330,1,1
38660,HaRu17037,2,2
57332,KiRu29105,3,3
28685,AkRu05017,2,2
23064,AmPw12557,9,9
27260,AkRu04780,1,1
22456,AkRu08372,2,2
11962,KiRu29329,0,10
24249,KiRu30206,1,1
21392,AkHa00311,9,10
53113,AkRu07748,2,2
50907,SoRu36472,0,0
43349,SoRu36087,6,6
23377,AmAm09911,3,3
57671,AkRu03076,3,3
35324,AkRu05226,0,0
30320,KiIs24171,9,9
19309,KiRu27696,0,0
1651,SoMa33703,3,3
42468,AmRu13824,9,9
35846,HaRu20466,9,9
27441,KiRu28556,4,4
28583,SoIl32705,9,9
832,KiHa23204,9,9
19349,AmAm09795,9,9
16383,AkRu07719,3,3
50309,AkRu07237,3,3
57997,KiMr24455,0,0
12886,AkRu03585,2,2
19027,AkRu04174,2,2
16445,SoRu36121,6,6
53715,KiHa23172,1,1
46555,KiRu27384,2,2
22921,KiHa22701,9,9
23328,KiMr24919,1,10
49531,SoRu38080,3,3
49597,SoRu38080,3,3
49711,SoRu38080,3,3
49788,SoRu38080,3,3
49818,SoRu38080,3,3
49826,SoRu38080,3,3
49914,SoRu38080,3,3
49957,SoRu38080,3,3
23715,HaRu20005,1,10
12808,AkHa00654,1,1
48834,HaRu18672,2,2
57532,AmRu15194,2,2
9420,SoRu39495,1,1
41999,KiRu27083,9,9
3841,AmRu14113,2,10
34517,AmAm09737,0,0
55077,HaRu17590,9,9
13846,KiAm22420,2,2
34833,AkKi01256,1,10
46546,AmBe11100,3,3
46624,AmBe11100,3,3
46695,AmBe11100,3,3
46728,AmBe11100,3,3
46769,AmBe11100,3,3
46900,AmBe11100,3,3
46904,AmBe11100,3,3
47016,AmBe11100,3,3
22381,KiRu30293,0,0
26483,AkLu02038,9,9
55745,AkLu02568,1,1
18463,KiRu28718,1,1
31017,KiZu30813,3,3
34298,AmRu14214,3,3
25800,KiRu27948,3,3
25843,KiRu27948,3,3
25866,KiRu27948,3,3
25960,KiRu27948,3,3
25974,KiRu27948,3,3
26091,KiRu27948,3,3
26179,KiRu27948,3,3
26273,KiRu27948,3,3
6985,HaRu20508,5,5
7021,HaRu20508,5,5
7180,HaRu20508,5,5
7253,HaRu20508,5,5
7279,HaRu20508,5,5
7298,HaRu20508,5,5
7368,HaRu20508,5,5
7489,HaRu20508,5,5
3351,SoRu36101,3,10
3489,SoRu36101,3,10
3562,SoRu36101,3,10
3590,SoRu36101,3,10
3702,SoRu36101,3,10
3718,SoRu36101,3,10
3793,SoRu36101,3,10
3835,SoRu36101,3,10
23668,KiZu30864,4,4
125,KiRu26713,3,3
38814,KiAm22323,2,2
31165,HaDe16546,1,1
94,SoRu39347,2,2
33277,AkRu07586,2,2
17929,SoRu39544,0,10
56904,SoMa33577,9,9
11025,HaRu19698,1,1
59838,AkRu02883,0,0
28845,KiRu30443,3,3
28999,KiRu30443,3,3
29018,KiRu30443,3,3
29057,KiRu30443,3,3
29155,KiRu30443,3,3
29244,KiRu30443,3,3
29329,KiRu30443,3,3
29425,KiRu30443,3,3
35606,AkRu08933,0,0
4912,KiRu28816,9,9
28869,AkHa00053,9,10
51704,KiAm21971,1,1
42455,KiRu25882,2,2
19939,AkRu06359,2,2
57001,HaSe20888,9,10
40862,AkKi01145,9,9
55442,SoRu38392,0,0
20163,SoRu38401,2,10
47958,KiRu29042,1,1
9017,HaDj16868,2,2
52209,AmRu12830,9,9
14830,SoRu36944,3,3
14859,SoRu36944,3,3
14886,SoRu36944,3,3
14996,SoRu36944,3,3
15069,SoRu36944,3,3
15115,SoRu36944,3,3
15205,SoRu36944,3,3
15273,SoRu36944,3,3
58345,AmRu13830,3,3
58418,AmRu13830,3,3
58565,AmRu13830,3,3
58580,AmRu13830,3,3
58683,AmRu13830,3,3
58715,AmRu13830,3,3
58732,AmRu13830,3,3
58779,AmRu13830,3,3
12792,HaDj16797,2,2
36401,AkHa00296,3,3
41312,AmRu13074,9,9
15552,AkRu02698,5,5
15644,AkRu02698,5,5
15759,AkRu02698,5,5
15770,AkRu02698,5,5
15809,AkRu02698,5,5
15901,AkRu02698,5,5
15912,AkRu02698,5,5
16027,AkRu02698,5,5
51603,KiMr25202,3,3
9898,AkRu08635,1,1
55966,KiAm22216,2,2
44163,HaRu17292,3,3
44301,HaRu17292,3,3
44326,HaRu17292,3,3
44359,HaRu17292,3,3
44377,HaRu17292,3,3
44475,HaRu17292,3,3
44588,HaRu17292,3,3
44720,HaRu17292,3,3
8454,SoKo33116,0,0
22015,KiRu27994,6,6
23126,AmRu14223,1,10
3535,KiRu29693,2,2
2295,AmRu13370,9,9
57453,AkRu03507,2,2
53726,KiRu28198,0,0
42097,KiZu31076,3,3
548,SoKo33490,3,3
55321,AkRu08391,5,5
55357,AkRu08391,5,5
55423,AkRu08391,5,5
55536,AkRu08391,5,5
55571,AkRu08391,5,5
55592,AkRu08391,5,5
55607,AkRu08391,5,5
55739,AkRu08391,5,5
15252,SoRu37206,0,0
31028,AmRu14887,9,10
38263,SoRu37009,0,0
47860,HaSe20889,3,3
50365,AmAs10932,9,9
44940,SoRu37420,9,9
39479,SoRu35424,3,3
39518,SoRu35424,3,3
39592,SoRu35424,3,3
39654,SoRu35424,3,3
39791,SoRu35424,3,3
39811,SoRu35424,3,3
39835,SoRu35424,3,3
39915,SoRu35424,3,3
42826,AkRu04566,0,0
46588,SoMa34472,0,0
6020,AkRu05593,3,3
22455,AkRu03017,3,3
22553,AkRu03017,3,3
22633,AkRu03017,3,3
22639,AkRu03017,3,3
22670,AkRu03017,3,3
22738,AkRu03017,3,3
22806,AkRu03017,3,3
22882,AkRu03017,3,3
26187,SoRu36807,0,0
43538,HaRu17072,9,9
50166,HaRu20053,1,1
45900,AkRu08211,2,2
40636,KiIs23898,3,3
8382,HaRu17515,6,6
18321,KiRu26074,2,2
14073,KiRu26535,2,2
39079,SoRu37311,3,3
39218,SoRu37311,3,3
39251,SoRu37311,3,3
39322,SoRu37311,3,3
39393,SoRu37311,3,3
39413,SoRu37311,3,3
39427,SoRu37311,3,3
39500,SoRu37311,3,3
21122,KiZu31020,0,0
43014,AmAs10156,2,2
30270,SoRu36435,2,2
42880,AkRu03573,2,2
58456,SoRu35067,0,0
25373,HaRu17617,3,3
49443,AkRu02789,2,10
25388,AkRu05976,2,2
36818,HaRu20146,2,10
4013,HaRu17406,1,1
58224,SoCh32020,9,9
16221,KiRu29798,9,9
19961,AkRu05741,3,10
44742,KiRu28308,3,3
44537,HaSe21267,9,9
24277,AkRu05883,2,2
51649,KiRu28994,3,3
51675,KiRu28994,3,3
51762,KiRu28994,3,3
51843,KiRu28994,3,3
51871,KiRu28994,3,3
51946,KiRu28994,3,3
52034,KiRu28994,3,3
52079,KiRu28994,3,3
49700,AmRu13614,3,3
49760,AmRu13614,3,3
49802,AmRu13614,3,3
49835,AmRu13614,3,3
49901,AmRu13614,3,3
49922,AmRu13614,3,3
50029,AmRu13614,3,3
50074,AmRu13614,3,3
43750,AkKi01136,2,2
13345,AkRu06486,3,3
56438,SoRu38122,9,9
11239,AmRu13488,3,3
11283,AmRu13488,3,3
11434,AmRu13488,3,3
11455,AmRu13488,3,3
11549,AmRu13488,3,3
11654,AmRu13488,3,3
11656,AmRu13488,3,3
11750,AmRu13488,3,3
54514,AkRu06794,2,2
10783,AkHa00266,2,2
3643,KiHa23376,3,3
56796,HaDj16752,1,1
44679,KiRu29968,2,2
17112,AmRu14521,3,3
50008,AkHa00509,3,3
33085,KiIs23998,1,1
58524,KiMr25156,0,0
33366,KiMr24760,2,2
51135,SoRu35044,0,0
11356,SoRu39588,0,0
44432,AmAs10925,1,1
35356,SoKo33508,2,2
55041,SoRu38134,6,6
36205,SoRu37407,0,0
18443,KiMr24359,2,10
8253,AkRu07970,2,2
5976,AkHa00671,3,3
10207,HaRu20826,2,2
29367,KiZu30744,2,2
36797,HaRu19880,1,1
5889,AkKi00847,3,10
55949,HaRu19621,3,10
19214,KiMr24558,0,0
38422,SoBa31815,9,9
29152,AmPw12595,9,9
12877,SoCh32186,2,2
36549,AkHa00719,2,2
43478,KiRu25985,1,1
39845,SoRu34775,0,0
41542,KiIs23726,9,9
44415,KiMr24879,1,1
58472,HaRu18849,9,9
46133,SoRu38646,7,7
26526,SoRu34909,0,0
54779,HaSe21224,3,3
11014,KiRu27120,0,0
42957,KiIs23493,9,9
53855,HaDe16549,9,9
8430,AmRu15462,3,3
49436,SoRu39421,2,2
28066,AmAm09860,2,2
47795,HaAm15901,2,2
17193,KiRu26602,1,1
31203,KiZu30848,0,0
49582,HaRu19337,2,2
10304,KiRu25851,3,3
10437,KiRu25851,3,3
10566,KiRu25851,3,3
10663,KiRu25851,3,3
10679,KiRu25851,3,3
10712,KiRu25851,3,3
10778,KiRu25851,3,3
10828,KiRu25851,3,3
27092,HaAm15942,1,1
34842,HaZa21669,2,2
48496,HaRu17450,1,1
14693,AmPw12653,3,3
48473,AkLu02382,9,9
12963,AmAm09622,1,1
27814,AkRu08534,3,3
33350,HaRu20409,2,2
39202,SoBa31712,3,3
9075,KiAm22270,2,2
47529,SoRu39524,9,9
15183,SoRu37502,0,0
53419,HaRu17965,3,3
53445,HaRu17965,3,3
53592,HaRu17965,3,3
53648,HaRu17965,3,3
53701,HaRu17965,3,3
53807,HaRu17965,3,3
53823,HaRu17965,3,3
53893,HaRu17965,3,3
44933,KiMr24460,2,2
50724,AmAm09344,9,9
57359,AkLu02110,1,1
28729,HaYa21395,2,10
9625,KiRu30563,3,3
9645,KiRu30563,3,3
9676,KiRu30563,3,3
9710,KiRu30563,3,3
9848,KiRu30563,3,3
9866,KiRu30563,3,3
10010,KiRu30563,3,3
10079,KiRu30563,3,3
43714,SoBa31832,1,1
53957,AmRu13947,1,1
43362,AkRu04378,2,2
3233,AkRu03245,2,10
55378,AmAs10689,3,3
148,SoRu35195,0,0
38383,AkRu06353,3,3
45095,KiRu28051,3,3
45172,KiRu28051,3,3
45269,KiRu28051,3,3
45313,KiRu28051,3,3
45330,KiRu28051,3,3
45392,KiRu28051,3,3
45432,KiRu28051,3,3
45591,KiRu28051,3,3
9209,AkKi01034,1,1
35325,AmDa11996,2,2
38419,SoRu36779,2,2
25096,AmRu15593,1,1
1064,KiRu28787,0,0
35753,AkKi01062,2,2
7539,KiRu29084,1,1
34815,AkRu03421,1,1
56262,AmRu15248,9,9
33833,HaRu20544,1,10
55820,KiRu26539,2,2
59320,HaDe16418,2,2
45184,AkRu08192,2,2
20659,KiHa23287,9,9
21897,KiRu29786,0,0
33958,KiRu25503,1,1
44389,KiRu25811,1,1
1556,AmRu14959,9,10
52670,AkRu05543,3,3
52746,AkRu05543,3,3
52779,AkRu05543,3,3
52866,AkRu05543,3,3
52875,AkRu05543,3,3
52972,AkRu05543,3,3
53149,AkRu05543,3,3
53257,AkRu05543,3,3
32464,HaRu17928,9,9
49395,AkRu03119,3,3
49503,AkRu03119,3,3
49585,AkRu03119,3,3
49644,AkRu03119,3,3
49729,AkRu03119,3,3
49801,AkRu03119,3,3
49838,AkRu03119,3,3
49853,AkRu03119,3,3
36368,HaDj16925,1,1
51298,AkRu03111,3,3
12387,SoRu38862,0,0
33887,KiHa22712,3,3
19804,SoRu35243,0,0
403,KiMr25237,1,1
2734,AkRu05257,3,3
47474,KiRu30640,2,10
59370,SoCh32045,1,1
36814,AkRu04493,3,3
24427,KiRu27209,3,3
24488,KiRu27209,3,3
24507,KiRu27209,3,3
24609,KiRu27209,3,3
24653,KiRu27209,3,3
24707,KiRu27209,3,3
24852,KiRu27209,3,3
24938,KiRu27209,3,3
23792,AmRu14267,2,2
19641,AkRu04612,2,2
40058,AmRu15726,3,3
22194,AkRu05437,7,7
1520,AmRu15740,9,9
15732,AkRu04606,3,3
38173,AkRu06282,2,2
45236,KiZu31108,9,9
30616,KiRu29314,0,0
12717,KiRu25664,1,1
9717,HaAm16025,3,3
9828,HaAm16025,3,3
9903,HaAm16025,3,3
9990,HaAm16025,3,3
10093,HaAm16025,3,3
10157,HaAm16025,3,3
10173,HaAm16025,3,3
10240,HaAm16025,3,3
40402,HaRu19351,1,1
12406,AkRu03722,3,3
47435,KiAm22183,2,2
15477,KiRu26023,9,9
19984,SoRu36236,2,2
46532,HaRu19485,1,1
24867,SoMa34211,1,10
37270,HaRu18509,3,3
44282,SoRu38535,0,10
54102,HaAm16007,2,2
11097,SoRu36566,3,10
11161,SoRu36566,3,10
11173,SoRu36566,3,10
11189,SoRu36566,3,10
11324,SoRu36566,3,10
11421,SoRu36566,3,10
11537,SoRu36566,3,10
11630,SoRu36566,3,10
33020,AmRu13435,9,9
48622,HaSe21168,3,3
27973,KiZu31353,3,3
28033,KiZu31353,3,3
28121,KiZu31353,3,3
28130,KiZu31353,3,3
28171,KiZu31353,3,3
28211,KiZu31353,3,3
28274,KiZu31353,3,3
28355,KiZu31353,3,3
39706,KiAm22332,6,6
13102,SoRu38447,1,1
45753,SoKo33455,3,3
13990,SoMa34469,2,2
686,KiRu30503,2,2
35941,AkRu06883,9,9
20444,KiRu30193,1,1
6101,AmRu15471,9,9
5412,AkRu07264,2,2
14657,KiRu25249,2,2
12764,HaRu17811,9,9
28397,SoRu37271,2,2
37601,KiRu28000,0,0
24791,SoRu36625,9,9
59055,KiRu25894,1,1
24674,HaZa21694,2,2
36989,AmRu13044,9,9
56167,SoRu35346,3,3
31483,HaZa21735,1,1
11826,AkRu08531,3,3
59065,SoIl32892,0,0
12380,SoRu38834,3,3
12486,SoRu38834,3,3
12545,SoRu38834,3,3
12576,SoRu38834,3,3
12594,SoRu38834,3,3
12729,SoRu38834,3,3
12782,SoRu38834,3,3
12851,SoRu38834,3,3
16455,KiRu28677,3,3
16576,KiRu28677,3,3
16660,KiRu28677,3,3
16683,KiRu28677,3,3
16778,KiRu28677,3,3
16786,KiRu28677,3,3
16856,KiRu28677,3,3
16979,KiRu28677,3,3
56862,SoRu39390,2,2
18413,SoIl32702,2,2
52651,KiRu27530,1,1
36386,AkRu02995,3,3
19474,KiIs23563,2,2
53480,AkRu07109,6,6
4942,AkRu03100,2,2
50680,SoMa34194,9,9
37982,AkRu03802,0,0
38134,AmRu15632,9,9
53679,KiRu28193,4,4
22627,SoRu39161,1,1
36642,AkRu05660,3,3
18185,SoMa34049,0,0
293,AmAs10336,3,10
363,AmAs10336,3,10
441,AmAs10336,3,10
470,AmAs10336,3,10
498,AmAs10336,3,10
566,AmAs10336,3,10
730,AmAs10336,3,10
741,AmAs10336,3,10
8156,AkRu05797,2,2
38202,KiZu30805,1,1
23690,SoRu39012,0,0
183,SoRu36745,0,0
10661,AmPw12297,9,9
38435,AkLu01828,9,9
6784,AkRu02959,3,3
50500,KiRu26907,2,2
1284,AkRu06849,2,2
59314,KiRu26128,9,9
30254,AkRu06099,9,9
31544,KiRu28608,1,1
838,HaRu19943,1,1
33814,AkRu05815,3,3
50004,AkRu07195,3,3
506,AkRu07205,3,3
42320,KiRu30567,1,1
29255,AkKi01488,1,1
35317,SoRu35086,3,3
35416,SoRu35086,3,3
35478,SoRu35086,3,3
35548,SoRu35086,3,3
35635,SoRu35086,3,3
35662,SoRu35086,3,3
35678,SoRu35086,3,3
35756,SoRu35086,3,3
7236,SoKo33065,9,9
14117,AmRu15557,9,9
4007,AkRu07932,2,2
3281,HaRu17866,1,1
42584,AkHa00670,9,9
6250,HaYa21450,2,2
13245,KiIs24180,2,2
31978,AkRu04632,2,2
6924,KiHa22803,3,3
35230,SoRu36024,0,0
2721,KiRu28292,2,2
20456,KiRu26156,9,9
8334,HaRu19332,1,1
9001,AmRu13774,9,9
43275,SoMa34622,1,1
34822,AmRu15719,9,10
28859,KiRu28820,0,0
57292,SoRu36496,1,1
2513,SoRu36882,1,1
45141,KiIs23611,1,1
1535,AkRu03218,3,3
1587,AkRu03218,3,3
1692,AkRu03218,3,3
1759,AkRu03218,3,3
1846,AkRu03218,3,3
1872,AkRu03218,3,3
1966,AkRu03218,3,3
2055,AkRu03218,3,3
39639,SoRu36284,1,1
30525,AkHa00732,9,9
12609,HaRu20514,3,3
12742,HaRu20514,3,3
12776,HaRu20514,3,3
12899,HaRu20514,3,3
12969,HaRu20514,3,3
12996,HaRu20514,3,3
13046,HaRu20514,3,3
13142,HaRu20514,3,3
46267,SoBa31759,3,3
39250,AkRu08640,3,10
39356,AkRu08640,3,10
39383,AkRu08640,3,10
39401,AkRu08640,3,10
39483,AkRu08640,3,10
39558,AkRu08640,3,10
39631,AkRu08640,3,10
39662,AkRu08640,3,10
55550,AmRu15515,2,2
18036,KiRu30553,3,3
18090,KiRu30553,3,3
18114,KiRu30553,3,3
18166,KiRu30553,3,3
18267,KiRu30553,3,3
18320,KiRu30553,3,3
18450,KiRu30553,3,3
18454,KiRu30553,3,3
8649,KiRu28704,1,1
26949,HaSe21254,9,9
8670,SoKo33205,2,2
25132,SoRu38207,9,9
21855,AkLu02530,9,9
4774,SoRu36983,0,0
15654,AkRu05956,3,3
15719,AkRu05956,3,3
15766,AkRu05956,3,3
15796,AkRu05956,3,3
15854,AkRu05956,3,3
16007,AkRu05956,3,3
16067,AkRu05956,3,3
16177,AkRu05956,3,3
26097,KiHa23479,3,3
1677,SoRu38244,0,0
38751,KiHa23108,2,2
32232,KiRu30223,2,2
58235,KiMr24341,9,9
30537,AkRu05636,2,2
18475,KiIs24038,9,9
42588,SoRu38829,3,3
38354,KiHa23155,3,3
54055,KiRu26297,2,2
45474,AkRu04240,2,2
50091,SoRu35878,4,4
33141,HaRu20395,1,1
46548,HaRu18372,2,2
4883,AkRu04565,2,2
6892,HaYa21358,2,2
33063,SoRu39294,0,0
55271,AmRu13226,9,10
43597,AkLu01812,3,3
45730,AkRu06991,2,2
35697,AmDa12222,3,3
8756,AmRu14430,9,9
6669,SoIl32679,3,3
57679,HaRu18427,1,1
9114,AkRu04755,1,1
11320,KiRu30590,9,9
49771,AkRu05102,3,3
49423,AmPw12524,0,0
3628,KiRu26046,2,2
23608,AmRu15392,3,3
14509,KiRu29327,9,9
58154,AkHa00558,2,2
47831,AmPw12480,5,10
47871,AmPw12480,5,10
48013,AmPw12480,5,10
48018,AmPw12480,5,10
48096,AmPw12480,5,10
48112,AmPw12480,5,10
48213,AmPw12480,5,10
48217,AmPw12480,5,10
54032,KiRu28400,5,5
12515,AkRu02794,3,3
12554,AkRu02794,3,3
12574,AkRu02794,3,3
12577,AkRu02794,3,3
12708,AkRu02794,3,3
12818,AkRu02794,3,3
12829,AkRu02794,3,3
12965,AkRu02794,3,3
7260,SoRu35041,1,1
31729,HaRu19071,3,3
28281,AkRu06246,5,5
28393,AkRu06246,5,5
28428,AkRu06246,5,5
28538,AkRu06246,5,5
28555,AkRu06246,5,5
28631,AkRu06246,5,5
28656,AkRu06246,5,5
28815,AkRu06246,5,5
34364,KiRu27908,3,3
23976,KiIs23643,3,3
11786,HaSe20902,3,3
1527,KiMr24894,9,9
57729,KiIs23860,2,2
31178,KiMr24860,1,1
31232,AmAm09662,1,1
43545,AkRu07054,0,0
15083,SoRu36682,3,3
45372,KiMr24486,9,9
50182,SoRu38633,2,2
59343,AkRu06395,2,2
50401,HaRu18819,2,2
6459,HaRu17463,1,1
11925,HaRu17461,9,9
27128,HaRu17945,0,0
56781,KiMr24338,1,1
33191,AkHa00695,9,9
25546,AmAm09527,9,9
16276,AkRu03437,0,0
30991,KiMr24554,0,0
29201,KiRu28123,2,2
32067,KiRu25837,4,4
56307,HaRu17918,3,3
18142,SoRu35261,0,0
35510,AkRu07056,2,2
35788,KiRu27949,9,9
31102,HaDe16375,2,2
35491,AkRu04894,3,3
30501,HaDe16557,1,1
52557,AkKi00901,9,9
47055,AmRu14842,2,10
46551,AkRu03083,0,0
7115,KiHa23078,1,1
842,SoBa31775,0,0
47910,HaSe21097,9,9
24197,AkRu02750,6,6
32947,SoRu34786,0,0
30690,SoMa34020,2,2
15725,KiMr25001,1,1
4217,SoRu34838,3,3
49734,KiRu30168,1,1
3847,HaAm15939,2,2
12363,AkKi01523,1,1
198,AkRu04611,3,3
336,AkRu04611,3,3
361,AkRu04611,3,3
444,AkRu04611,3,3
457,AkRu04611,3,3
518,AkRu04611,3,3
612,AkRu04611,3,3
732,AkRu04611,3,3
21376,KiRu29534,3,3
31888,AkRu03358,1,10
52228,KiRu25740,1,1
7392,SoIl32384,2,2
16969,AmAs10939,2,2
48028,AkRu07956,2,2
13584,KiAm22548,2,2
23691,AmRu14302,9,9
15544,HaRu17284,2,2
55330,HaDj16704,3,3
55908,AmAm09546,9,9
30183,KiHa23242,1,1
34974,AkRu07749,2,2
58054,SoRu36492,0,0
44226,HaRu19845,7,7
55834,SoMa34026,9,9
15284,SoRu36805,0,0
38,KiRu30598,5,5
58,KiRu30598,5,5
66,KiRu30598,5,5
68,KiRu30598,5,5
127,KiRu30598,5,5
196,KiRu30598,5,5
351,KiRu30598,5,5
386,KiRu30598,5,5
17343,AkHa00068,3,3
211,HaRu17749,2,2
17834,HaRu17446,2,2
45242,AmRu15494,3,3
45316,AmRu15494,3,3
45345,AmRu15494,3,3
45360,AmRu15494,3,3
45449,AmRu15494,3,3
45532,AmRu15494,3,3
45663,AmRu15494,3,3
45743,AmRu15494,3,3
58878,KiAm22423,9,9
57310,SoRu34889,0,0
40425,AkHa00771,3,3
31123,HaZa21901,2,2
15457,AkRu05902,3,3
15583,AkRu05902,3,3
15646,AkRu05902,3,3
15737,AkRu05902,3,3
15786,AkRu05902,3,3
15814,AkRu05902,3,3
15822,AkRu05902,3,3
15978,AkRu05902,3,3
34469,HaZa21906,2,2
14342,AkRu04869,7,7
42050,SoRu36109,2,2
59671,HaRu18927,0,0
54929,AkRu08212,2,2
44033,SoRu35654,7,7
29363,KiRu30182,3,3
51718,AkKi01390,3,3
20555,KiZu30797,0,0
36188,HaAm15902,2,2
57735,AmRu13433,9,10
50332,AmRu15745,3,3
36974,AmAs10319,3,3
37047,AmAs10319,3,3
37077,AmAs10319,3,3
37148,AmAs10319,3,3
37163,AmAs10319,3,3
37248,AmAs10319,3,3
37418,AmAs10319,3,3
37483,AmAs10319,3,3
59934,SoRu35581,2,2
28886,AmRu15137,3,3
56703,AkRu06323,9,9
19388,AmDa11808,6,6
16155,SoIl32292,2,2
26441,HaAm16185,2,2
58383,HaSe20876,2,2
12490,AkRu02774,2,2
44171,SoRu39496,2,2
15929,AmAm09956,1,10
42102,SoIl32444,0,0
25993,AkRu07384,3,3
17444,SoRu39501,3,3
30654,AmAb09033,9,9
55838,KiRu29866,1,1
4100,SoRu37533,2,2
54593,AmDa12211,3,3
54673,AmDa12211,3,3
54694,AmDa12211,3,3
54703,AmDa12211,3,3
54790,AmDa12211,3,3
54796,AmDa12211,3,3
54911,AmDa12211,3,3
55039,AmDa12211,3,3
28016,AkKi01059,2,2
3070,HaRu18296,2,2
33587,SoRu37901,3,3
33654,SoRu37901,3,3
33687,SoRu37901,3,3
33743,SoRu37901,3,3
33819,SoRu37901,3,3
33870,SoRu37901,3,3
34015,SoRu37901,3,3
34065,SoRu37901,3,3
27703,AkRu08031,7,7
59885,SoRu38018,0,0
12720,AkRu08885,3,3
56708,AkRu07038,4,4
54848,AmPw12403,3,3
54889,AmPw12403,3,3
55045,AmPw12403,3,3
55050,AmPw12403,3,3
55144,AmPw12403,3,3
55177,AmPw12403,3,3
55212,AmPw12403,3,3
55305,AmPw12403,3,3
45029,KiRu29543,2,2
59410,AmRu13259,9,9
15290,HaDj16863,1,1
8329,SoRu38764,0,0
19733,SoRu36378,9,9
42498,KiRu27180,6,6
2716,HaRu16981,9,9
41884,HaDe16326,1,1
24662,HaRu20394,9,9
